application_id,customer_id,declared_income,employment_type,company_name,company_category,work_experience_years,years_at_current_employer,loan_purpose,requested_amount,requested_tenure,foir,existing_monthly_obligations,co_applicant_flag,co_applicant_income,ltv_ratio,property_value,application_date,application_status,credit_decisioning_model,load_date
3000000,2000000,7028210.08,Business - Partnership,Chatterjee PLC,CAT-C SME,10,11,Top-Up Loan,7738396.05,12,0.6454,378000.57,True,245897.86,0.8964,9146587.08,2021-09-15,Credit Declined,ML Scorecard v2,2024-12-31
3000001,2000001,5960334.01,Business - Partnership,Gopal-Vyas,CAT-C SME,4,2,Medical Emergency,9518916.88,48,0.5863,291211.99,False,0.0,0.7975,18198309.57,2023-11-13,Withdrawn,Rule Engine v3,2024-12-31
3000002,2000002,11145999.29,Business - Partnership,"Oak, Narasimhan and Swaminathan",CAT-A Listed,12,10,Working Capital,12542667.28,12,0.2703,251063.63,False,267609.32,0.7815,14163526.65,2024-10-18,Disbursed,Rule Engine v3,2024-12-31
3000003,2000003,4884631.11,Business - Pvt Ltd,"Subramanian, Brahmbhatt and Kurian",CAT-A Listed,15,13,Consumer Durables,13112599.01,240,0.5031,204788.16,True,0.0,0.7271,24293999.05,2022-05-05,Withdrawn,Rule Engine v3,2024-12-31
3000004,2000004,2805251.75,Salaried,Dua LLC,CAT-B MNC,35,5,Vehicle Purchase,10515540.79,60,0.5769,134862.48,False,0.0,0.7895,14605976.83,2023-10-20,Disbursed,ML Scorecard v2,2024-12-31
3000005,2000005,2177537.46,Self Employed Non-Professional,Deol-Kibe,CAT-B MNC,22,13,Education,13068432.88,48,0.6419,116480.11,False,132745.24,0.5242,22567192.39,2024-02-12,Disbursed,ML Scorecard v2,2024-12-31
3000006,2000006,7837125.07,Business - Partnership,"Pradhan, Borah and Johal",CAT-C SME,27,3,Home Construction,17047518.13,48,0.5863,382908.87,True,0.0,0.6135,27686636.01,2024-11-27,Disbursed,Manual,2024-12-31
3000007,2000007,13847464.56,Business - Partnership,Balan Ltd,Government PSU,28,7,Consumer Durables,8396908.51,120,0.6016,694219.56,False,0.0,0.6059,9570907.61,2023-12-02,Pending Docs,ML Scorecard v2,2024-12-31
3000008,2000008,11714801.24,Business - Proprietorship,Dugal-Ganesan,Government PSU,15,0,Home Construction,11647455.02,48,0.4059,396253.15,False,0.0,0.8669,21547790.84,2021-11-14,Rejected,ML Scorecard v2,2024-12-31
3000009,2000009,10339190.1,Business - Pvt Ltd,Sarma LLC,CAT-C SME,15,2,Marriage,19247297.49,240,0.4223,363853.33,False,0.0,0.8067,29350094.94,2022-06-10,Withdrawn,Rule Engine v3,2024-12-31
3000010,2000010,9134859.23,Self Employed Non-Professional,"Narayan, Deo and Dalal",CAT-C SME,10,2,Medical Emergency,5716934.49,180,0.4687,356792.38,False,0.0,0.5086,8508262.44,2021-10-10,Disbursed,Hybrid Model v1,2024-12-31
3000011,2000011,670902.61,Business - Partnership,Palan PLC,CAT-C SME,30,15,Travel,5942591.72,24,0.5887,32913.36,False,181846.19,0.7446,8636755.31,2020-08-10,Pending Docs,ML Scorecard v2,2024-12-31
3000012,2000012,10283660.75,Self Employed Non-Professional,Borra-Dayal,CAT-B MNC,14,6,Business Expansion,7391296.56,24,0.265,227097.51,True,0.0,0.7778,11483828.37,2023-10-17,Pending Docs,Rule Engine v3,2024-12-31
3000013,2000013,12179713.41,Business - Pvt Ltd,Sarin PLC,CAT-D Unrated,17,15,Business Expansion,9756172.53,120,0.5857,594471.51,False,263932.84,0.6657,19195874.19,2020-04-08,Disbursed,Rule Engine v3,2024-12-31
3000014,2000014,8299461.19,Salaried,Bhargava and Sons,CAT-D Unrated,31,14,Home Construction,17902260.19,36,0.4002,276787.03,False,0.0,0.8128,34434903.17,2023-12-25,Disbursed,Rule Engine v3,2024-12-31
3000015,2000015,3554405.1,Contract,Majumdar LLC,CAT-D Unrated,3,15,Balance Transfer,7687768.1,240,0.6042,178964.3,False,0.0,0.577,12513755.52,2022-09-27,Disbursed,ML Scorecard v2,2024-12-31
3000016,2000016,4004600.39,Business - Partnership,Mand LLC,CAT-B MNC,10,14,Consumer Durables,5984950.66,240,0.5678,189484.34,False,441124.51,0.6005,10118680.18,2021-03-20,Disbursed,Rule Engine v3,2024-12-31
3000017,2000017,6417054.29,Business - Partnership,Rau LLC,Government PSU,1,0,Home Construction,15442641.01,12,0.3569,190853.89,False,242459.29,0.7599,20053965.74,2023-08-24,Disbursed,ML Scorecard v2,2024-12-31
3000018,2000018,1003849.35,Self Employed Professional,Sant Ltd,CAT-B MNC,9,1,Vehicle Purchase,3902961.34,120,0.374,31286.64,False,119860.96,0.729,6008221.23,2021-04-08,Disbursed,Rule Engine v3,2024-12-31
3000019,2000019,6782686.78,Business - Pvt Ltd,Mittal and Sons,CAT-B MNC,23,11,Marriage,15602880.87,84,0.567,320481.95,True,175162.79,0.5226,19049187.91,2023-09-20,Withdrawn,ML Scorecard v2,2024-12-31
3000020,2000020,5493482.46,Self Employed Professional,"Sidhu, Pandya and Borde",CAT-B MNC,1,1,Vehicle Purchase,1125311.41,180,0.6428,294267.54,False,0.0,0.7638,1671014.46,2022-02-03,Disbursed,Hybrid Model v1,2024-12-31
3000021,2000021,7503071.23,Contract,"Devan, Gala and Dugar",Government PSU,12,5,Home Purchase,14651413.04,48,0.605,378279.84,False,0.0,0.7367,21247048.24,2021-12-11,Disbursed,ML Scorecard v2,2024-12-31
3000022,2000022,7926284.82,Business - Partnership,Karnik Inc,CAT-D Unrated,7,5,Vehicle Purchase,3660564.0,12,0.6205,409854.98,True,0.0,0.5644,6186272.86,2023-11-02,Disbursed,Hybrid Model v1,2024-12-31
3000023,2000023,10038063.54,Business - Proprietorship,Buch-Ghose,CAT-B MNC,10,14,Education,2219714.34,48,0.282,235894.49,False,0.0,0.7157,2711296.14,2023-10-19,Disbursed,ML Scorecard v2,2024-12-31
3000024,2000024,4831988.72,Contract,Arora Group,CAT-C SME,16,1,Medical Emergency,11140412.13,84,0.2626,105740.02,False,0.0,0.6443,14491034.66,2020-08-24,Rejected,ML Scorecard v2,2024-12-31
3000025,2000025,12227339.72,Salaried,Keer Ltd,CAT-D Unrated,3,14,Balance Transfer,11550650.3,180,0.6228,634598.93,False,0.0,0.5008,15401924.83,2020-01-27,Withdrawn,ML Scorecard v2,2024-12-31
3000026,2000026,11086083.3,Contract,Vora and Sons,CAT-D Unrated,19,13,Top-Up Loan,2924289.01,12,0.395,364916.91,False,0.0,0.8972,4702231.75,2023-03-19,Disbursed,Hybrid Model v1,2024-12-31
3000027,2000027,12318828.27,Salaried,Vohra and Sons,CAT-B MNC,10,10,Working Capital,15318812.61,60,0.5892,604854.47,False,0.0,0.6481,26856636.39,2024-09-01,Rejected,Rule Engine v3,2024-12-31
3000028,2000028,8980652.25,Self Employed Professional,Bhavsar and Sons,CAT-D Unrated,16,9,Home Purchase,9838354.26,36,0.4219,315744.77,False,0.0,0.7356,11015227.26,2022-07-27,Disbursed,Manual,2024-12-31
3000029,2000029,13929767.03,Self Employed Non-Professional,"Walia, Kala and Mander",CAT-C SME,21,7,Balance Transfer,16701201.94,60,0.5691,660619.2,False,0.0,0.7206,20399935.23,2022-10-08,Disbursed,Hybrid Model v1,2024-12-31
3000030,2000030,6351559.19,Business - Proprietorship,Swaminathan and Sons,CAT-B MNC,27,10,Business Expansion,8192906.86,12,0.5974,316201.79,False,220822.46,0.8553,11612350.06,2024-03-17,Disbursed,Rule Engine v3,2024-12-31
3000031,2000031,9046537.46,Business - Pvt Ltd,"Iyer, Yogi and Sethi",CAT-D Unrated,2,9,Top-Up Loan,2873919.78,24,0.6357,479240.32,True,0.0,0.5132,3222239.8,2020-10-25,Withdrawn,Hybrid Model v1,2024-12-31
3000032,2000032,775035.35,Salaried,"Pathak, Mitra and Shankar",CAT-B MNC,11,4,Working Capital,18466984.18,120,0.3922,25330.74,False,0.0,0.5306,26711061.89,2024-06-02,Sanctioned - Not Disbursed,Rule Engine v3,2024-12-31
3000033,2000033,10565924.14,Contract,Bora PLC,Government PSU,3,12,Business Expansion,16217274.19,12,0.3596,316625.53,False,0.0,0.7187,19002438.05,2023-07-15,Sanctioned - Not Disbursed,Hybrid Model v1,2024-12-31
3000034,2000034,8750361.26,Self Employed Non-Professional,"Pai, Sidhu and Ram",CAT-B MNC,20,11,Education,11289593.9,180,0.4884,356139.7,False,0.0,0.5667,13506352.47,2020-11-03,Withdrawn,ML Scorecard v2,2024-12-31
3000035,2000035,14860056.56,Business - Proprietorship,"Kala, Patel and Nagy",CAT-B MNC,29,15,Balance Transfer,18489810.6,12,0.2776,343762.64,False,327534.46,0.8234,25725413.96,2021-02-07,Disbursed,ML Scorecard v2,2024-12-31
3000036,2000036,14978855.32,Business - Proprietorship,Chaudry Group,CAT-C SME,26,2,Balance Transfer,1662401.37,240,0.6443,804239.71,False,0.0,0.6104,2823792.73,2024-11-17,Rejected,Rule Engine v3,2024-12-31
3000037,2000037,5481504.85,Self Employed Professional,"Bhasin, Ganesh and Shetty",CAT-D Unrated,21,14,Travel,16235971.44,36,0.5286,241460.29,False,171112.1,0.535,24229031.62,2024-09-08,Disbursed,Hybrid Model v1,2024-12-31
3000038,2000038,13461046.47,Business - Partnership,Master-Murty,CAT-D Unrated,2,11,Vehicle Purchase,11014415.04,36,0.4881,547528.07,True,0.0,0.6488,12949866.62,2024-10-20,Disbursed,ML Scorecard v2,2024-12-31
3000039,2000039,12615251.31,Business - Partnership,Rastogi LLC,CAT-A Listed,13,8,Vehicle Purchase,15705642.94,120,0.3102,326104.25,True,399320.65,0.836,22100023.22,2021-11-04,Rejected,Manual,2024-12-31
3000040,2000040,4990620.12,Business - Proprietorship,Nagar Group,CAT-B MNC,12,12,Home Construction,6759115.11,12,0.4284,178165.14,True,0.0,0.5129,12321245.44,2021-09-16,Withdrawn,Hybrid Model v1,2024-12-31
3000041,2000041,5346764.32,Salaried,Chandran Group,CAT-D Unrated,8,2,Home Purchase,14158714.57,12,0.3877,172745.04,False,0.0,0.5827,16433887.71,2020-04-09,Withdrawn,ML Scorecard v2,2024-12-31
3000042,2000042,234253.56,Business - Pvt Ltd,"Anne, Thaman and Sagar",Government PSU,8,15,Balance Transfer,13396565.22,36,0.4759,9290.11,False,0.0,0.7063,24130853.14,2023-08-30,Rejected,Manual,2024-12-31
3000043,2000043,4020506.28,Self Employed Non-Professional,"Narayanan, Madan and Sandal",CAT-C SME,12,5,Home Purchase,15193554.83,180,0.4618,154722.48,True,464255.54,0.6954,21980049.88,2023-12-15,Disbursed,Rule Engine v3,2024-12-31
3000044,2000044,6446253.74,Business - Proprietorship,Karpe PLC,CAT-C SME,25,12,Top-Up Loan,12120993.14,180,0.3363,180656.26,False,0.0,0.8796,20900662.13,2021-02-02,Pending Docs,Hybrid Model v1,2024-12-31
3000045,2000045,2504730.41,Self Employed Professional,"Gola, Rama and Banerjee",CAT-D Unrated,18,0,Home Construction,18175960.43,240,0.6357,132688.09,False,0.0,0.7841,33671755.11,2023-02-14,Rejected,ML Scorecard v2,2024-12-31
3000046,2000046,1493426.34,Contract,Hora Ltd,CAT-C SME,8,10,Working Capital,12743600.97,84,0.5496,68398.93,False,0.0,0.5303,14251057.47,2021-10-24,Rejected,ML Scorecard v2,2024-12-31
3000047,2000047,3034751.09,Business - Proprietorship,Patil-Deshpande,CAT-C SME,34,13,Medical Emergency,1285574.87,60,0.5997,151661.69,True,0.0,0.6315,1482017.19,2024-06-01,Disbursed,ML Scorecard v2,2024-12-31
3000048,2000048,915651.7,Self Employed Professional,Patel-Ramesh,CAT-C SME,26,5,Balance Transfer,12724828.43,180,0.5604,42760.93,False,0.0,0.5328,17965837.8,2022-09-12,Disbursed,ML Scorecard v2,2024-12-31
3000049,2000049,2721447.0,Business - Partnership,Chaudry-Bala,CAT-A Listed,20,6,Travel,2489370.24,60,0.4599,104299.46,True,0.0,0.6238,4629886.1,2020-08-27,Disbursed,ML Scorecard v2,2024-12-31
3000050,2000050,5157463.35,Business - Pvt Ltd,Deol-Ravi,CAT-D Unrated,17,4,Home Purchase,3128005.88,12,0.2949,126744.66,True,0.0,0.8883,4371418.71,2023-10-08,Rejected,ML Scorecard v2,2024-12-31
3000051,2000051,3734295.52,Contract,Kakar-Pandit,CAT-A Listed,24,14,Medical Emergency,3250126.29,24,0.4898,152421.5,False,0.0,0.5085,3825582.14,2021-05-01,Sanctioned - Not Disbursed,Rule Engine v3,2024-12-31
3000052,2000052,12041798.26,Business - Proprietorship,Kuruvilla LLC,CAT-C SME,32,6,Education,10576995.42,180,0.2749,275857.53,True,0.0,0.6167,14137345.62,2024-01-18,Rejected,ML Scorecard v2,2024-12-31
3000053,2000053,9407038.91,Self Employed Professional,Maharaj Group,CAT-B MNC,24,1,Balance Transfer,14090959.81,24,0.364,285346.85,True,0.0,0.761,26840473.45,2024-06-22,Withdrawn,ML Scorecard v2,2024-12-31
3000054,2000054,13761831.74,Self Employed Non-Professional,"Master, Ray and Yohannan",CAT-C SME,30,7,Top-Up Loan,11429558.32,24,0.5336,611942.78,True,412950.76,0.8175,17353840.53,2020-06-30,Disbursed,Manual,2024-12-31
3000055,2000055,6912620.68,Salaried,"Ben, Merchant and Bora",CAT-C SME,28,3,Vehicle Purchase,15155536.03,84,0.5062,291597.38,False,0.0,0.8198,26122603.19,2023-07-26,Withdrawn,ML Scorecard v2,2024-12-31
3000056,2000056,4200703.85,Self Employed Non-Professional,Golla Group,CAT-D Unrated,35,12,Education,7876704.41,24,0.3866,135332.68,True,171473.67,0.8755,11009012.72,2023-01-13,Disbursed,Rule Engine v3,2024-12-31
3000057,2000057,2366104.4,Salaried,"More, Dara and Bhakta",CAT-C SME,7,6,Debt Consolidation,19216980.7,84,0.3387,66783.3,False,0.0,0.805,22356409.71,2021-08-16,Rejected,Rule Engine v3,2024-12-31
3000058,2000058,2874500.39,Business - Partnership,Naik-Sankar,CAT-B MNC,13,10,Home Purchase,3410893.8,24,0.5627,134790.11,False,0.0,0.7413,4052095.09,2021-02-18,Sanctioned - Not Disbursed,ML Scorecard v2,2024-12-31
3000059,2000059,12289308.38,Business - Proprietorship,Reddy-Mani,CAT-B MNC,28,15,Home Construction,11351703.84,120,0.2906,297606.08,True,0.0,0.6545,17433318.76,2022-06-06,Rejected,ML Scorecard v2,2024-12-31
3000060,2000060,9665736.14,Self Employed Non-Professional,Bhatti Group,CAT-C SME,19,11,Travel,2148984.38,240,0.4638,373580.7,True,0.0,0.552,3518393.03,2024-02-03,Pending Docs,Rule Engine v3,2024-12-31
3000061,2000061,14293153.53,Business - Partnership,Samra-Chakrabarti,CAT-D Unrated,12,6,Marriage,737393.48,180,0.5429,646646.09,True,0.0,0.8815,1011597.95,2020-08-02,Pending Docs,Manual,2024-12-31
3000062,2000062,10596705.29,Self Employed Professional,Brar-Chhabra,CAT-C SME,11,3,Marriage,7368443.32,48,0.5792,511467.64,False,0.0,0.8954,13064149.14,2021-06-23,Disbursed,Manual,2024-12-31
3000063,2000063,2215501.48,Self Employed Non-Professional,Radhakrishnan-Behl,CAT-C SME,35,8,Marriage,19820091.55,12,0.3691,68145.13,False,0.0,0.7823,22262108.31,2021-12-05,Rejected,ML Scorecard v2,2024-12-31
3000064,2000064,11750048.51,Contract,Jaggi-Memon,CAT-B MNC,8,9,Education,10183587.46,24,0.3846,376589.05,False,0.0,0.7541,16485848.63,2022-06-12,Withdrawn,Hybrid Model v1,2024-12-31
3000065,2000065,6883735.66,Business - Pvt Ltd,Kalita PLC,CAT-C SME,3,12,Debt Consolidation,7173207.44,36,0.6,344186.78,True,0.0,0.776,13218181.83,2020-12-05,Credit Declined,ML Scorecard v2,2024-12-31
3000066,2000066,5113942.3,Contract,Bala LLC,Government PSU,4,10,Debt Consolidation,14108939.27,12,0.3717,158404.36,False,227120.65,0.6596,23257017.34,2021-07-11,Disbursed,Rule Engine v3,2024-12-31
3000067,2000067,14106684.9,Self Employed Non-Professional,Iyengar Group,CAT-A Listed,14,8,Home Construction,15257988.72,180,0.3215,377941.6,False,0.0,0.8909,27383415.22,2023-01-20,Disbursed,Rule Engine v3,2024-12-31
3000068,2000068,5277578.31,Self Employed Professional,Vyas LLC,Government PSU,13,5,Vehicle Purchase,6893276.39,36,0.4056,178382.15,True,120451.39,0.8392,13133452.55,2020-02-26,Disbursed,ML Scorecard v2,2024-12-31
3000069,2000069,13889070.65,Salaried,Gaba-Madan,CAT-C SME,29,10,Business Expansion,2240619.89,36,0.5536,640749.13,False,298645.1,0.8776,3614751.79,2021-12-01,Disbursed,ML Scorecard v2,2024-12-31
3000070,2000070,1443715.98,Contract,Bhargava Inc,CAT-A Listed,19,7,Marriage,12404149.0,48,0.3288,39557.82,True,0.0,0.5581,18165061.79,2022-12-05,Disbursed,Hybrid Model v1,2024-12-31
3000071,2000071,14151410.63,Salaried,Dasgupta-Gulati,CAT-C SME,7,6,Business Expansion,2766135.81,24,0.3829,451547.93,False,0.0,0.782,5092017.84,2021-03-27,Rejected,ML Scorecard v2,2024-12-31
3000072,2000072,11188758.44,Salaried,"Sridhar, Sehgal and Sabharwal",CAT-D Unrated,24,7,Home Construction,740507.83,24,0.5736,534822.65,False,0.0,0.7453,1025261.7,2022-06-10,Withdrawn,ML Scorecard v2,2024-12-31
3000073,2000073,13173577.63,Salaried,Zachariah LLC,CAT-B MNC,26,2,Business Expansion,4061485.66,84,0.6318,693588.86,False,0.0,0.6253,4739591.7,2020-01-07,Disbursed,Rule Engine v3,2024-12-31
3000074,2000074,11517947.68,Business - Partnership,Ranganathan LLC,CAT-A Listed,21,15,Home Purchase,1600455.17,84,0.6083,583863.96,True,391309.11,0.5736,2627357.01,2020-10-10,Disbursed,ML Scorecard v2,2024-12-31
3000075,2000075,11647285.96,Self Employed Non-Professional,Batra Ltd,CAT-A Listed,34,6,Vehicle Purchase,4901225.21,84,0.4805,466376.74,False,0.0,0.7522,5730968.55,2022-07-02,Credit Declined,Rule Engine v3,2024-12-31
3000076,2000076,1019875.24,Self Employed Professional,"Uppal, Prabhu and Chana",CAT-C SME,14,8,Top-Up Loan,6604735.86,36,0.4148,35253.69,False,0.0,0.7563,9874306.73,2020-05-17,Disbursed,Rule Engine v3,2024-12-31
3000077,2000077,6159675.83,Salaried,Bansal-Dada,CAT-C SME,31,8,Business Expansion,4834303.24,60,0.4544,233246.39,False,0.0,0.8073,8796469.14,2021-07-19,Rejected,ML Scorecard v2,2024-12-31
3000078,2000078,8959711.31,Self Employed Professional,"Ramanathan, Mammen and Mahajan",CAT-C SME,35,0,Consumer Durables,17124445.41,24,0.642,479344.56,False,0.0,0.6688,26553968.42,2021-01-05,Disbursed,ML Scorecard v2,2024-12-31
3000079,2000079,9063282.05,Contract,Lall-Choudhury,CAT-C SME,35,13,Marriage,2254644.18,60,0.4858,366911.87,False,0.0,0.7872,3611966.01,2022-02-15,Rejected,ML Scorecard v2,2024-12-31
3000080,2000080,10276908.4,Self Employed Non-Professional,"Bhattacharyya, Zachariah and Gopal",CAT-C SME,5,9,Consumer Durables,15663009.77,84,0.4552,389837.39,False,0.0,0.8818,18002555.66,2024-01-29,Disbursed,ML Scorecard v2,2024-12-31
3000081,2000081,13608803.31,Business - Pvt Ltd,"Taneja, Sarkar and Narayan",CAT-B MNC,18,6,Debt Consolidation,14848839.91,12,0.488,553424.67,True,0.0,0.8186,23754807.91,2021-11-04,Pending Docs,Rule Engine v3,2024-12-31
3000082,2000082,10659459.21,Self Employed Professional,Gara Inc,CAT-D Unrated,21,9,Home Purchase,8297687.14,24,0.275,244279.27,False,0.0,0.6448,11415364.91,2024-08-17,Rejected,ML Scorecard v2,2024-12-31
3000083,2000083,4248220.16,Business - Proprietorship,"Behl, Natt and Grewal",CAT-A Listed,19,2,Home Purchase,19930553.75,84,0.3458,122419.54,True,0.0,0.6458,29949713.26,2021-05-11,Disbursed,Rule Engine v3,2024-12-31
3000084,2000084,5464511.68,Business - Proprietorship,Sinha Group,Government PSU,8,15,Balance Transfer,19195892.04,180,0.5632,256467.75,False,427318.68,0.6924,26659302.67,2023-06-18,Disbursed,Rule Engine v3,2024-12-31
3000085,2000085,994792.41,Self Employed Non-Professional,Datta-Dayal,CAT-C SME,12,15,Home Purchase,1084795.51,60,0.5994,49689.88,False,0.0,0.7819,1881922.53,2020-02-13,Rejected,Hybrid Model v1,2024-12-31
3000086,2000086,12944893.78,Business - Pvt Ltd,"Vaidya, Date and Bera",CAT-D Unrated,14,12,Top-Up Loan,3192066.57,36,0.5436,586403.69,False,0.0,0.7064,4666142.96,2024-03-13,Withdrawn,Rule Engine v3,2024-12-31
3000087,2000087,4373731.65,Business - Proprietorship,Lad LLC,CAT-B MNC,11,3,Medical Emergency,13201398.97,48,0.4882,177937.98,False,0.0,0.8079,22709571.8,2021-07-24,Disbursed,ML Scorecard v2,2024-12-31
3000088,2000088,12603282.29,Self Employed Professional,Parsa Ltd,CAT-C SME,7,10,Home Construction,8344997.01,240,0.2987,313716.7,False,0.0,0.8306,11346671.56,2023-10-17,Withdrawn,Rule Engine v3,2024-12-31
3000089,2000089,13458204.54,Business - Proprietorship,Khatri PLC,Government PSU,2,5,Home Construction,13364914.43,12,0.4422,495934.84,True,0.0,0.6363,26099084.54,2023-05-29,Withdrawn,Manual,2024-12-31
3000090,2000090,6355914.42,Business - Pvt Ltd,"Bhatt, Munshi and Raj",CAT-B MNC,27,10,Debt Consolidation,19969298.95,240,0.627,332096.53,True,81043.8,0.6432,34398874.95,2023-01-15,Rejected,Hybrid Model v1,2024-12-31
3000091,2000091,12646783.42,Contract,Master-Contractor,Government PSU,30,12,Working Capital,9487886.93,48,0.3399,358220.14,False,0.0,0.7069,14692115.44,2023-09-04,Disbursed,Hybrid Model v1,2024-12-31
3000092,2000092,10875106.26,Business - Partnership,Goda Group,CAT-C SME,17,14,Home Construction,16909691.04,240,0.5044,457116.97,False,443351.44,0.7834,31235961.17,2020-08-04,Disbursed,Hybrid Model v1,2024-12-31
3000093,2000093,5799989.88,Salaried,Bera-Bahl,CAT-D Unrated,19,1,Vehicle Purchase,5289069.4,240,0.317,153216.4,False,0.0,0.683,8112169.97,2021-01-15,Disbursed,Rule Engine v3,2024-12-31
3000094,2000094,13500314.53,Self Employed Non-Professional,"Jani, Rajagopal and Din",CAT-D Unrated,31,14,Travel,14642518.98,120,0.407,457885.67,True,0.0,0.7527,24537215.04,2022-06-11,Disbursed,Rule Engine v3,2024-12-31
3000095,2000095,2132821.77,Business - Partnership,Tata-Sem,CAT-B MNC,21,2,Medical Emergency,15293505.21,24,0.2699,47970.72,False,0.0,0.7058,20085984.4,2021-06-27,Disbursed,ML Scorecard v2,2024-12-31
3000096,2000096,10136118.73,Self Employed Non-Professional,"Deol, Mann and Chaudhry",CAT-B MNC,3,11,Consumer Durables,16415346.64,240,0.3303,278996.67,True,0.0,0.607,21306007.45,2023-11-17,Credit Declined,Hybrid Model v1,2024-12-31
3000097,2000097,3746244.92,Business - Partnership,Jain Group,CAT-C SME,26,10,Marriage,16646889.72,48,0.5748,179445.13,False,0.0,0.6044,18550506.9,2022-07-19,Rejected,Rule Engine v3,2024-12-31
3000098,2000098,6918940.68,Business - Partnership,Kothari-Choudhury,CAT-C SME,33,0,Home Construction,15245162.07,24,0.3895,224577.28,False,274822.43,0.8642,25338634.63,2024-11-23,Disbursed,Hybrid Model v1,2024-12-31
3000099,2000099,12925737.01,Salaried,Hayer-Kade,CAT-C SME,24,11,Debt Consolidation,14521424.83,36,0.4775,514336.62,True,0.0,0.8879,19775768.64,2023-03-26,Disbursed,ML Scorecard v2,2024-12-31
3000100,2000100,14090623.39,Business - Partnership,"Tata, Nayak and Chopra",Government PSU,18,9,Travel,12682294.9,180,0.2883,338527.23,False,0.0,0.8942,16545360.32,2023-12-18,Disbursed,Hybrid Model v1,2024-12-31
3000101,2000101,8606479.77,Self Employed Professional,Munshi-Ranganathan,CAT-A Listed,26,0,Home Construction,461965.02,48,0.3462,248296.94,False,0.0,0.8562,578916.24,2022-04-08,Disbursed,ML Scorecard v2,2024-12-31
3000102,2000102,4618236.91,Salaried,Mody-Buch,CAT-D Unrated,3,10,Balance Transfer,8075747.98,12,0.3901,150131.18,False,16430.64,0.8135,12099028.61,2024-08-05,Disbursed,Rule Engine v3,2024-12-31
3000103,2000103,14119674.53,Business - Pvt Ltd,Balakrishnan-Kanda,CAT-D Unrated,19,7,Working Capital,15451519.77,180,0.5762,677979.71,False,0.0,0.8172,17449490.93,2020-02-12,Rejected,Hybrid Model v1,2024-12-31
3000104,2000104,9911263.23,Business - Pvt Ltd,"Mahal, Sandal and Batta",CAT-A Listed,31,4,Vehicle Purchase,8819523.04,12,0.3414,281975.44,False,263929.15,0.717,10048109.45,2023-08-21,Disbursed,Manual,2024-12-31
3000105,2000105,3773375.92,Business - Partnership,"Walla, Narain and Nayak",CAT-C SME,32,12,Top-Up Loan,2759868.4,36,0.3364,105780.3,False,0.0,0.7612,3275791.38,2022-12-10,Credit Declined,Rule Engine v3,2024-12-31
3000106,2000106,11965462.59,Self Employed Non-Professional,Date-Wali,CAT-A Listed,14,0,Debt Consolidation,5645840.31,60,0.5866,584911.7,False,0.0,0.8044,7368562.47,2021-06-06,Withdrawn,Rule Engine v3,2024-12-31
3000107,2000107,5808739.58,Business - Proprietorship,"Venkatesh, Gandhi and Jhaveri",CAT-D Unrated,6,8,Travel,8014987.9,36,0.3462,167582.14,False,0.0,0.8092,10373982.07,2024-09-30,Pending Docs,Rule Engine v3,2024-12-31
3000108,2000108,8987654.86,Self Employed Professional,Shukla-Iyer,Government PSU,9,10,Debt Consolidation,9479357.86,120,0.4478,335389.32,False,0.0,0.8802,11057986.03,2023-05-26,Credit Declined,ML Scorecard v2,2024-12-31
3000109,2000109,4073542.92,Business - Pvt Ltd,Warrior-Chakraborty,CAT-C SME,27,1,Working Capital,3376417.58,48,0.3531,119864.0,True,0.0,0.7888,5790654.96,2024-01-15,Sanctioned - Not Disbursed,Rule Engine v3,2024-12-31
3000110,2000110,3393759.48,Contract,Ganguly-Mani,CAT-C SME,14,12,Travel,11930309.58,24,0.4633,131027.4,False,0.0,0.6158,14980689.57,2020-09-16,Rejected,Rule Engine v3,2024-12-31
3000111,2000111,4299067.67,Salaried,"Dubey, Varkey and Bala",CAT-C SME,26,5,Education,16585011.72,240,0.5969,213842.79,False,0.0,0.5056,31875651.56,2022-10-01,Disbursed,ML Scorecard v2,2024-12-31
3000112,2000112,10409534.59,Salaried,Khanna LLC,Government PSU,19,15,Medical Emergency,15013584.18,240,0.4362,378386.58,False,248671.52,0.8083,26211882.86,2024-07-12,Disbursed,Rule Engine v3,2024-12-31
3000113,2000113,13884005.58,Business - Proprietorship,"Mistry, Guha and Pau",CAT-C SME,19,0,Balance Transfer,12334507.51,180,0.3827,442784.08,False,0.0,0.838,15968818.46,2024-04-16,Disbursed,ML Scorecard v2,2024-12-31
3000114,2000114,1097803.2,Business - Partnership,"Contractor, Tripathi and Walia",CAT-A Listed,5,7,Travel,10760662.48,60,0.2796,25578.81,False,0.0,0.6097,14382945.15,2024-04-05,Pending Docs,Hybrid Model v1,2024-12-31
3000115,2000115,7476331.79,Business - Partnership,Chandra-Shanker,CAT-C SME,7,15,Working Capital,18223694.06,12,0.3849,239803.34,False,370922.08,0.6336,24208433.43,2024-11-08,Disbursed,Hybrid Model v1,2024-12-31
3000116,2000116,14499439.9,Business - Partnership,"Pandya, Pai and Bhattacharyya",CAT-B MNC,18,6,Business Expansion,13298507.46,48,0.2587,312583.76,False,0.0,0.8683,22411174.08,2021-05-31,Disbursed,ML Scorecard v2,2024-12-31
3000117,2000117,12810617.77,Self Employed Professional,Kuruvilla-Balakrishnan,CAT-C SME,27,15,Working Capital,15553242.09,48,0.3866,412715.4,False,224317.5,0.6274,24211300.48,2023-12-11,Disbursed,Rule Engine v3,2024-12-31
3000118,2000118,2909070.78,Contract,Grewal-Sharaf,CAT-C SME,13,6,Travel,2491291.15,240,0.57,138180.86,False,0.0,0.7498,3765688.83,2020-10-21,Disbursed,Rule Engine v3,2024-12-31
3000119,2000119,10626574.25,Contract,Choudhary-Solanki,CAT-A Listed,7,13,Business Expansion,10531296.99,120,0.3844,340404.6,True,373643.07,0.7135,13819847.24,2021-04-01,Credit Declined,Manual,2024-12-31
3000120,2000120,13804282.59,Contract,"Ram, Krishna and Mannan",CAT-A Listed,26,4,Education,14147702.74,84,0.6371,732892.37,False,322670.82,0.7727,19015465.41,2023-04-29,Disbursed,Manual,2024-12-31
3000121,2000121,5730160.86,Contract,"Sandhu, Upadhyay and Chand",CAT-D Unrated,4,0,Education,17985157.41,24,0.2772,132366.72,True,484890.24,0.5295,33221242.2,2024-10-18,Rejected,Rule Engine v3,2024-12-31
3000122,2000122,4223602.08,Self Employed Professional,"Trivedi, Magar and Mistry",CAT-D Unrated,30,0,Home Purchase,17905600.55,48,0.3523,123997.92,False,0.0,0.5413,22296314.2,2022-01-02,Disbursed,Hybrid Model v1,2024-12-31
3000123,2000123,9999876.54,Contract,Chaudhry Ltd,CAT-C SME,2,7,Business Expansion,17778197.38,120,0.3954,329495.93,False,0.0,0.6449,34897025.9,2024-09-11,Disbursed,Rule Engine v3,2024-12-31
3000124,2000124,14663027.23,Salaried,"Chaudhari, Sundaram and Saran",CAT-B MNC,3,7,Consumer Durables,760783.3,60,0.5436,664235.13,True,0.0,0.8151,927481.45,2024-10-29,Disbursed,ML Scorecard v2,2024-12-31
3000125,2000125,12096220.75,Business - Proprietorship,Kara and Sons,Government PSU,28,8,Education,2851929.09,180,0.3804,383450.2,False,0.0,0.6216,3700700.86,2021-03-29,Disbursed,ML Scorecard v2,2024-12-31
3000126,2000126,14119115.39,Self Employed Professional,Loke Group,CAT-C SME,18,9,Working Capital,11659128.42,36,0.2965,348859.81,False,0.0,0.7348,15429843.82,2020-08-10,Disbursed,ML Scorecard v2,2024-12-31
3000127,2000127,3562104.15,Self Employed Professional,Mukhopadhyay and Sons,CAT-B MNC,7,11,Consumer Durables,17593915.94,24,0.5147,152784.58,False,49271.62,0.6693,28971656.67,2023-12-04,Disbursed,ML Scorecard v2,2024-12-31
3000128,2000128,14117684.73,Business - Proprietorship,"Venkatesh, Sama and Kadakia",CAT-C SME,23,2,Education,859071.98,36,0.2915,342942.09,False,0.0,0.5415,1641116.02,2024-10-11,Disbursed,Hybrid Model v1,2024-12-31
3000129,2000129,1921244.58,Business - Proprietorship,Rajan-Nanda,CAT-D Unrated,29,13,Education,3227476.22,48,0.4243,67932.01,True,244373.63,0.557,3618643.98,2021-02-15,Rejected,ML Scorecard v2,2024-12-31
3000130,2000130,4675814.87,Salaried,Kala-Sehgal,CAT-B MNC,18,13,Education,8387980.22,120,0.3114,121337.4,False,179955.67,0.6986,10454404.57,2024-05-06,Rejected,Rule Engine v3,2024-12-31
3000131,2000131,611430.58,Business - Pvt Ltd,"Tella, Shere and Kashyap",CAT-D Unrated,26,5,Business Expansion,19446069.76,24,0.3235,16483.15,False,0.0,0.5851,35053183.86,2024-05-22,Withdrawn,Manual,2024-12-31
3000132,2000132,3434373.59,Business - Partnership,Padmanabhan-More,CAT-D Unrated,10,7,Working Capital,18919849.28,12,0.2631,75298.64,True,169588.28,0.8431,31011570.6,2023-01-12,Pending Docs,Rule Engine v3,2024-12-31
3000133,2000133,13752537.28,Business - Partnership,Kunda Inc,CAT-B MNC,3,15,Medical Emergency,4220624.81,120,0.6366,729572.1,False,390992.56,0.5041,5176681.27,2020-11-23,Rejected,Rule Engine v3,2024-12-31
3000134,2000134,11900601.95,Business - Partnership,Naidu and Sons,CAT-D Unrated,25,6,Marriage,11613108.38,120,0.5631,558435.75,False,432372.84,0.8146,19709132.75,2024-08-14,Sanctioned - Not Disbursed,ML Scorecard v2,2024-12-31
3000135,2000135,2669499.8,Contract,"Nayak, Swaminathan and Vaidya",CAT-C SME,14,7,Travel,3433216.19,24,0.2969,66047.87,False,0.0,0.6128,6632643.16,2022-09-26,Disbursed,Hybrid Model v1,2024-12-31
3000136,2000136,14965870.64,Salaried,Edwin-Chhabra,CAT-D Unrated,27,10,Home Construction,17207070.12,180,0.4776,595641.65,False,0.0,0.8345,23853301.92,2023-06-13,Withdrawn,ML Scorecard v2,2024-12-31
3000137,2000137,12904055.41,Business - Proprietorship,"Sura, Pillay and Yogi",CAT-B MNC,12,14,Top-Up Loan,1777402.97,12,0.5977,642729.49,False,0.0,0.584,3254913.2,2021-08-10,Sanctioned - Not Disbursed,Manual,2024-12-31
3000138,2000138,2149043.05,Salaried,"Kuruvilla, Bhakta and Garg",CAT-C SME,12,11,Vehicle Purchase,12696567.05,180,0.4144,74213.62,False,0.0,0.7454,25279249.81,2023-10-30,Disbursed,ML Scorecard v2,2024-12-31
3000139,2000139,14172401.68,Self Employed Professional,Rana Group,CAT-C SME,26,4,Top-Up Loan,16385809.18,240,0.2564,302816.98,True,240009.75,0.773,23462798.1,2021-06-28,Sanctioned - Not Disbursed,Rule Engine v3,2024-12-31
3000140,2000140,2464661.39,Business - Partnership,Ray LLC,Government PSU,31,4,Vehicle Purchase,15368100.63,180,0.6348,130380.59,False,0.0,0.5321,23447795.74,2020-11-24,Disbursed,ML Scorecard v2,2024-12-31
3000141,2000141,11747692.55,Business - Partnership,Banik LLC,CAT-C SME,9,2,Education,18146098.92,240,0.3258,318949.85,True,341327.45,0.5602,26022995.57,2022-10-31,Credit Declined,ML Scorecard v2,2024-12-31
3000142,2000142,2922255.86,Self Employed Professional,Raman PLC,CAT-D Unrated,1,4,Working Capital,14036699.79,48,0.2541,61878.77,True,280597.02,0.5064,19119682.54,2023-04-22,Pending Docs,Rule Engine v3,2024-12-31
3000143,2000143,3080678.46,Contract,Bobal PLC,CAT-B MNC,26,11,Home Purchase,11906816.62,120,0.6054,155420.23,True,0.0,0.8574,13631728.2,2023-10-12,Disbursed,ML Scorecard v2,2024-12-31
3000144,2000144,6681681.33,Self Employed Non-Professional,Kakar-Savant,CAT-C SME,12,13,Marriage,13850294.95,24,0.6338,352904.14,False,0.0,0.7237,24542495.25,2021-08-09,Disbursed,Rule Engine v3,2024-12-31
3000145,2000145,9669313.55,Business - Partnership,Bhandari Inc,CAT-C SME,34,0,Education,14844027.83,60,0.5579,449542.5,False,0.0,0.8177,18996705.69,2022-06-03,Disbursed,Rule Engine v3,2024-12-31
3000146,2000146,1472100.65,Salaried,Kalita Inc,Government PSU,11,5,Consumer Durables,545207.59,180,0.5924,72672.7,True,0.0,0.6742,650168.43,2024-05-09,Disbursed,Hybrid Model v1,2024-12-31
3000147,2000147,9675833.53,Contract,"Ravi, Mukhopadhyay and Purohit",CAT-B MNC,3,7,Travel,722695.95,24,0.342,275761.26,False,460963.21,0.6522,915191.12,2021-07-11,Disbursed,Rule Engine v3,2024-12-31
3000148,2000148,7646144.03,Contract,Kakar-Krishnamurthy,CAT-D Unrated,12,9,Debt Consolidation,6605206.1,180,0.5845,372430.93,False,0.0,0.7201,10826466.41,2023-12-13,Disbursed,Rule Engine v3,2024-12-31
3000149,2000149,8652242.95,Business - Proprietorship,"Behl, Biswas and Natarajan",CAT-A Listed,9,10,Debt Consolidation,4039014.43,240,0.4453,321070.32,True,133359.41,0.7561,4899110.82,2024-07-27,Disbursed,Hybrid Model v1,2024-12-31
3000150,2000150,6881689.32,Self Employed Professional,Bansal-Chaudry,CAT-C SME,27,15,Home Purchase,10258041.39,24,0.5574,319654.47,False,0.0,0.5926,11527346.17,2022-01-02,Rejected,Rule Engine v3,2024-12-31
3000151,2000151,1638112.1,Salaried,"Prashad, Ramesh and Jani",CAT-D Unrated,27,9,Home Construction,17047318.55,84,0.2818,38468.33,True,0.0,0.6314,24497458.72,2024-04-14,Sanctioned - Not Disbursed,Manual,2024-12-31
3000152,2000152,8915606.79,Business - Partnership,Iyengar-Merchant,CAT-D Unrated,5,5,Home Purchase,9327373.94,24,0.5037,374232.6,True,0.0,0.5863,16527828.53,2024-11-27,Rejected,Rule Engine v3,2024-12-31
3000153,2000153,294744.32,Business - Proprietorship,Mukherjee Group,CAT-A Listed,21,5,Working Capital,13638839.03,60,0.4029,9896.04,False,0.0,0.5562,25262141.5,2022-06-02,Disbursed,Rule Engine v3,2024-12-31
3000154,2000154,9563753.26,Self Employed Professional,Naidu-Baria,CAT-C SME,3,10,Business Expansion,9387678.41,24,0.6293,501539.16,False,0.0,0.5465,12779248.84,2021-08-01,Rejected,Rule Engine v3,2024-12-31
3000155,2000155,5317430.47,Business - Proprietorship,Pathak-Gopal,CAT-C SME,27,0,Working Capital,4905157.65,12,0.5747,254660.61,False,143151.85,0.5375,9619132.88,2022-06-18,Disbursed,Rule Engine v3,2024-12-31
3000156,2000156,11390868.48,Contract,"Ratti, Koshy and Balan",CAT-C SME,25,6,Marriage,19630107.01,36,0.3819,362514.39,True,0.0,0.5079,22603639.67,2020-01-07,Disbursed,Rule Engine v3,2024-12-31
3000157,2000157,522769.53,Business - Pvt Ltd,"Pillai, Mitter and Karpe",CAT-D Unrated,7,2,Top-Up Loan,7933984.32,48,0.3367,14668.04,True,0.0,0.6059,11530588.92,2022-01-30,Disbursed,Manual,2024-12-31
3000158,2000158,14252381.4,Contract,Dasgupta Inc,CAT-A Listed,33,1,Marriage,3807658.41,180,0.6324,751100.5,False,0.0,0.5268,4539029.49,2024-11-11,Credit Declined,Rule Engine v3,2024-12-31
3000159,2000159,4020700.89,Self Employed Non-Professional,"Sibal, Dada and Vasa",CAT-A Listed,7,4,Balance Transfer,7324832.78,120,0.5433,182037.23,True,337760.36,0.5194,9138205.14,2023-05-18,Withdrawn,Hybrid Model v1,2024-12-31
3000160,2000160,9610551.53,Business - Partnership,Bhattacharyya Ltd,CAT-D Unrated,34,1,Education,18072867.02,36,0.4861,389307.42,False,0.0,0.8324,35107665.19,2022-01-03,Disbursed,ML Scorecard v2,2024-12-31
3000161,2000161,10389833.89,Business - Partnership,Karpe-Nagarajan,CAT-C SME,24,8,Debt Consolidation,12308012.3,36,0.6364,551007.52,False,82767.86,0.6739,17312346.95,2022-12-24,Disbursed,ML Scorecard v2,2024-12-31
3000162,2000162,8871337.4,Business - Proprietorship,"Kapur, Keer and Suresh",CAT-B MNC,2,0,Balance Transfer,3637372.96,180,0.2828,209067.85,True,482557.57,0.8445,5389344.88,2024-02-09,Disbursed,ML Scorecard v2,2024-12-31
3000163,2000163,11250176.65,Self Employed Non-Professional,"Bansal, Johal and Tailor",CAT-D Unrated,4,8,Home Construction,8723621.26,12,0.3649,342099.12,False,0.0,0.7074,14808446.75,2024-08-20,Disbursed,Manual,2024-12-31
3000164,2000164,10373993.45,Business - Partnership,Mander-Dhar,CAT-C SME,2,14,Balance Transfer,7700804.78,48,0.4324,373809.56,True,0.0,0.7265,11862905.07,2022-08-31,Disbursed,ML Scorecard v2,2024-12-31
3000165,2000165,13244370.29,Contract,Bedi-Bandi,CAT-B MNC,12,4,Balance Transfer,1388684.89,240,0.2575,284202.11,False,281536.94,0.8111,1572204.32,2023-12-17,Disbursed,ML Scorecard v2,2024-12-31
3000166,2000166,6037023.01,Business - Pvt Ltd,"Shanker, Sankaran and Karan",CAT-D Unrated,26,6,Education,5677442.04,240,0.4218,212201.36,False,0.0,0.7847,9067234.86,2021-11-05,Disbursed,Hybrid Model v1,2024-12-31
3000167,2000167,5317994.92,Business - Partnership,"Singh, Hegde and Talwar",CAT-A Listed,15,10,Debt Consolidation,17823942.22,180,0.2682,118857.19,False,0.0,0.5348,31084506.86,2020-02-16,Rejected,Rule Engine v3,2024-12-31
3000168,2000168,11362102.65,Self Employed Professional,"Manne, Ramachandran and Singhal",CAT-C SME,21,12,Home Construction,16969241.91,180,0.464,439334.64,True,417595.45,0.8642,19958009.18,2023-06-13,Rejected,ML Scorecard v2,2024-12-31
3000169,2000169,14552662.35,Self Employed Non-Professional,Mital and Sons,CAT-A Listed,12,10,Debt Consolidation,8966139.47,36,0.5523,669786.28,False,0.0,0.704,13177696.32,2022-12-02,Disbursed,ML Scorecard v2,2024-12-31
3000170,2000170,8063934.71,Contract,Kibe-Bhatnagar,CAT-C SME,11,11,Debt Consolidation,4141432.58,48,0.5986,402255.94,False,258708.77,0.6277,4781496.52,2021-02-03,Disbursed,Rule Engine v3,2024-12-31
3000171,2000171,9468725.74,Self Employed Professional,Chaudhari-Ramakrishnan,CAT-D Unrated,13,7,Debt Consolidation,7893314.26,84,0.6496,512573.69,False,0.0,0.771,9722176.23,2022-09-20,Disbursed,Rule Engine v3,2024-12-31
3000172,2000172,7328336.48,Self Employed Professional,Korpal and Sons,CAT-B MNC,23,4,Medical Emergency,3323925.59,120,0.512,312675.69,False,136478.04,0.7921,3817650.93,2020-11-14,Disbursed,ML Scorecard v2,2024-12-31
3000173,2000173,1794663.08,Self Employed Professional,Sule-Rajagopal,CAT-B MNC,29,6,Travel,4175496.85,120,0.5591,83616.34,False,0.0,0.8198,4988648.25,2022-11-03,Rejected,ML Scorecard v2,2024-12-31
3000174,2000174,9983674.37,Self Employed Non-Professional,"Andra, Dua and Randhawa",Government PSU,21,1,Working Capital,18166059.81,36,0.6142,510997.73,False,361952.34,0.5813,26144818.86,2022-03-03,Rejected,Hybrid Model v1,2024-12-31
3000175,2000175,12523429.66,Self Employed Non-Professional,Ravel and Sons,CAT-B MNC,21,10,Travel,2402576.18,180,0.4969,518574.35,False,0.0,0.5803,2800523.51,2024-06-06,Disbursed,Hybrid Model v1,2024-12-31
3000176,2000176,8353583.32,Self Employed Professional,Iyengar-Hans,CAT-A Listed,35,1,Marriage,11284102.91,48,0.3094,215383.22,False,0.0,0.7233,21096511.38,2024-05-09,Pending Docs,Rule Engine v3,2024-12-31
3000177,2000177,9718333.77,Contract,Choudhary-Dasgupta,CAT-D Unrated,28,8,Debt Consolidation,14700120.37,120,0.3172,256887.96,False,190506.14,0.7384,23196432.0,2024-07-11,Disbursed,Rule Engine v3,2024-12-31
3000178,2000178,9845980.09,Self Employed Professional,Mani Inc,CAT-C SME,33,8,Consumer Durables,15992191.8,24,0.6058,497057.89,False,0.0,0.5445,21520027.99,2020-01-04,Rejected,Hybrid Model v1,2024-12-31
3000179,2000179,9069620.36,Self Employed Professional,Choudhary-Wable,CAT-C SME,15,1,Business Expansion,1793164.44,84,0.3523,266268.94,False,430423.92,0.8826,2865133.62,2022-06-11,Disbursed,ML Scorecard v2,2024-12-31
3000180,2000180,2157474.03,Business - Proprietorship,Maharaj-Bhargava,CAT-D Unrated,12,11,Travel,17291801.1,120,0.4328,77812.9,True,0.0,0.7152,23732686.95,2022-03-06,Withdrawn,ML Scorecard v2,2024-12-31
3000181,2000181,8172815.74,Business - Partnership,"Lad, Balay and Saran",CAT-A Listed,21,14,Travel,13214778.96,240,0.382,260167.97,False,159620.05,0.8638,18854770.16,2022-11-13,Rejected,Rule Engine v3,2024-12-31
3000182,2000182,1632215.43,Salaried,Keer Inc,CAT-C SME,27,9,Business Expansion,7959502.36,48,0.4891,66526.38,True,209549.15,0.7241,13265203.23,2023-12-26,Disbursed,ML Scorecard v2,2024-12-31
3000183,2000183,7480443.77,Business - Proprietorship,"Borra, Memon and Patil",CAT-D Unrated,18,10,Business Expansion,9767424.25,240,0.6103,380442.9,False,0.0,0.6857,13847387.97,2020-05-18,Disbursed,Manual,2024-12-31
3000184,2000184,1628878.87,Business - Pvt Ltd,Lanka-Sahota,CAT-C SME,19,11,Travel,5407227.07,36,0.5846,79353.55,True,0.0,0.7382,6131833.66,2023-10-06,Pending Docs,Rule Engine v3,2024-12-31
3000185,2000185,3547177.64,Self Employed Non-Professional,"Halder, Chaudhary and Subramaniam",CAT-D Unrated,18,7,Top-Up Loan,1752472.25,120,0.2669,78895.14,False,0.0,0.7683,2432571.74,2024-01-28,Disbursed,Hybrid Model v1,2024-12-31
3000186,2000186,665307.72,Business - Proprietorship,"Contractor, Bahl and Sahota",CAT-D Unrated,5,0,Travel,1047024.99,240,0.6375,35344.47,False,0.0,0.7045,1889862.88,2020-08-08,Disbursed,Rule Engine v3,2024-12-31
3000187,2000187,8080024.66,Contract,"Chaudry, Bandi and Mahal",CAT-D Unrated,12,11,Debt Consolidation,7535943.41,120,0.5228,352019.74,True,0.0,0.8794,12926191.95,2020-01-07,Rejected,Manual,2024-12-31
3000188,2000188,4981515.19,Contract,D’Alia LLC,CAT-B MNC,32,0,Medical Emergency,6968252.11,180,0.6117,253932.74,False,0.0,0.7738,7964825.46,2022-03-24,Disbursed,Rule Engine v3,2024-12-31
3000189,2000189,11165524.54,Salaried,Bir-Patil,Government PSU,34,5,Working Capital,7832631.99,12,0.4667,434245.86,False,108273.81,0.8006,12318684.09,2023-11-02,Disbursed,Rule Engine v3,2024-12-31
3000190,2000190,10379666.72,Contract,Atwal-Sachdeva,CAT-C SME,25,11,Education,19289440.9,48,0.3365,291063.15,True,0.0,0.7992,28186339.31,2022-08-03,Disbursed,ML Scorecard v2,2024-12-31
3000191,2000191,9800200.34,Self Employed Professional,Verma-Gera,CAT-C SME,1,5,Business Expansion,848268.33,36,0.5411,441907.37,True,224435.59,0.5126,1351809.92,2024-03-21,Disbursed,Rule Engine v3,2024-12-31
3000192,2000192,2001105.96,Contract,Sharma Group,CAT-B MNC,27,6,Debt Consolidation,8244748.06,12,0.3723,62084.31,False,0.0,0.6896,15967825.89,2024-07-25,Disbursed,Manual,2024-12-31
3000193,2000193,13492859.65,Salaried,Gole-Dugar,CAT-D Unrated,8,3,Home Construction,1808536.59,36,0.2699,303476.9,False,0.0,0.8064,3111587.61,2022-04-11,Withdrawn,Rule Engine v3,2024-12-31
3000194,2000194,1355042.63,Business - Pvt Ltd,Thakkar LLC,CAT-D Unrated,13,11,Medical Emergency,12766385.09,120,0.6409,72370.57,False,0.0,0.5265,15410594.2,2022-11-05,Disbursed,Manual,2024-12-31
3000195,2000195,13326118.54,Self Employed Non-Professional,Narasimhan Ltd,CAT-C SME,24,7,Home Purchase,6782366.32,120,0.381,423104.26,False,0.0,0.7242,12818562.68,2020-02-18,Pending Docs,ML Scorecard v2,2024-12-31
3000196,2000196,1450722.41,Self Employed Non-Professional,Sagar-Lalla,CAT-D Unrated,25,9,Travel,3021757.7,24,0.5149,62248.08,False,0.0,0.8279,5538288.33,2021-04-17,Rejected,ML Scorecard v2,2024-12-31
3000197,2000197,275276.27,Contract,"Chopra, Khare and Parmar",CAT-C SME,24,4,Marriage,1211256.47,84,0.336,7707.74,False,0.0,0.5567,1708780.97,2020-12-01,Disbursed,Rule Engine v3,2024-12-31
3000198,2000198,755621.49,Self Employed Professional,Pillay PLC,Government PSU,14,6,Travel,13579452.03,36,0.5444,34280.03,False,0.0,0.7303,22219516.44,2022-02-28,Pending Docs,Hybrid Model v1,2024-12-31
3000199,2000199,3349450.43,Self Employed Non-Professional,"More, Narain and Bawa",CAT-B MNC,7,10,Marriage,11122418.16,180,0.5872,163899.77,False,0.0,0.878,20808266.45,2023-06-20,Disbursed,Rule Engine v3,2024-12-31
3000200,2000200,10025007.88,Business - Proprietorship,"Dewan, Johal and Ramachandran",CAT-C SME,9,6,Education,2431342.28,120,0.4581,382704.68,False,0.0,0.7682,3318402.9,2022-04-19,Disbursed,Rule Engine v3,2024-12-31
3000201,2000201,7136467.42,Business - Proprietorship,Taneja LLC,Government PSU,4,4,Vehicle Purchase,9651845.07,48,0.6012,357537.02,False,0.0,0.79,11126123.3,2020-10-25,Disbursed,ML Scorecard v2,2024-12-31
3000202,2000202,1258965.77,Business - Pvt Ltd,"Banik, Jaggi and Jani",CAT-B MNC,24,13,Top-Up Loan,5955584.43,180,0.3137,32911.46,True,0.0,0.835,8845972.45,2020-05-17,Disbursed,Hybrid Model v1,2024-12-31
3000203,2000203,138189.58,Business - Pvt Ltd,Puri-Nanda,CAT-A Listed,35,15,Vehicle Purchase,10022235.58,48,0.5492,6324.48,False,45793.55,0.6024,16772827.69,2023-11-17,Rejected,ML Scorecard v2,2024-12-31
3000204,2000204,11938394.3,Contract,Narayan-Kanda,CAT-D Unrated,33,0,Top-Up Loan,19555679.17,36,0.5831,580106.48,True,0.0,0.8104,26688726.41,2024-06-19,Disbursed,Rule Engine v3,2024-12-31
3000205,2000205,14084649.06,Business - Proprietorship,"Nanda, Bhatt and Kibe",CAT-C SME,35,0,Home Purchase,19063117.72,36,0.3458,405872.64,False,221834.51,0.6988,28742813.33,2020-01-31,Disbursed,ML Scorecard v2,2024-12-31
3000206,2000206,9670036.01,Business - Proprietorship,"Aggarwal, Vaidya and Sankaran",Government PSU,12,6,Medical Emergency,7857861.81,180,0.2809,226359.43,True,0.0,0.747,9670570.68,2020-10-20,Rejected,Rule Engine v3,2024-12-31
3000207,2000207,3178530.85,Business - Pvt Ltd,Bera PLC,CAT-C SME,7,3,Vehicle Purchase,12242259.92,60,0.607,160780.69,False,325742.39,0.8641,22807219.66,2024-06-08,Disbursed,Hybrid Model v1,2024-12-31
3000208,2000208,2991860.62,Self Employed Professional,"Parmer, Murty and Murthy",CAT-C SME,29,12,Home Construction,12124488.11,240,0.2738,68264.29,True,0.0,0.7094,15632554.01,2023-09-22,Disbursed,ML Scorecard v2,2024-12-31
3000209,2000209,6819128.47,Business - Pvt Ltd,Dey-Mistry,CAT-C SME,5,0,Vehicle Purchase,4195626.41,48,0.2893,164397.82,False,0.0,0.546,7163645.13,2021-11-03,Sanctioned - Not Disbursed,Manual,2024-12-31
3000210,2000210,1590005.36,Self Employed Professional,"Virk, Tella and Batta",CAT-B MNC,1,2,Vehicle Purchase,119410.54,36,0.4488,59466.2,False,0.0,0.7571,160207.95,2021-05-21,Sanctioned - Not Disbursed,Hybrid Model v1,2024-12-31
3000211,2000211,11926549.73,Self Employed Professional,Parmer-Dua,CAT-D Unrated,35,9,Marriage,1949279.71,12,0.3379,335831.76,False,370065.7,0.7802,2640579.81,2021-05-17,Disbursed,Rule Engine v3,2024-12-31
3000212,2000212,7186380.18,Business - Partnership,Tank Group,CAT-C SME,13,8,Business Expansion,16103002.93,12,0.3761,225233.13,False,0.0,0.7144,20980784.09,2023-11-26,Rejected,ML Scorecard v2,2024-12-31
3000213,2000213,8800878.75,Self Employed Professional,Badal Group,CAT-C SME,6,4,Debt Consolidation,18977900.28,48,0.5679,416501.59,True,0.0,0.8819,22102403.98,2023-10-31,Disbursed,Hybrid Model v1,2024-12-31
3000214,2000214,9856705.62,Salaried,Mody PLC,CAT-D Unrated,26,1,Top-Up Loan,4645813.61,48,0.2934,240996.45,True,0.0,0.7698,5170125.43,2020-01-30,Withdrawn,Manual,2024-12-31
3000215,2000215,11183004.9,Salaried,Borra-Kant,CAT-D Unrated,22,13,Marriage,10068135.14,84,0.519,483664.96,True,110280.06,0.5306,14499116.8,2021-11-26,Pending Docs,Hybrid Model v1,2024-12-31
3000216,2000216,2852966.83,Contract,"Parmer, Borde and Sangha",CAT-D Unrated,18,3,Debt Consolidation,5199374.39,48,0.5781,137441.68,True,0.0,0.8605,6459321.39,2023-11-30,Disbursed,Rule Engine v3,2024-12-31
3000217,2000217,13263532.72,Business - Pvt Ltd,Tank LLC,CAT-D Unrated,9,8,Business Expansion,8843205.64,240,0.2973,328604.02,False,0.0,0.7677,10053019.42,2022-09-17,Disbursed,Rule Engine v3,2024-12-31
3000218,2000218,4142784.07,Salaried,"Mani, Kashyap and Nagar",Government PSU,21,11,Education,947888.03,12,0.4394,151694.94,False,0.0,0.5798,1360894.33,2023-08-19,Disbursed,Rule Engine v3,2024-12-31
3000219,2000219,14901311.71,Business - Proprietorship,"Tara, Parekh and Majumdar",CAT-C SME,9,0,Marriage,2165388.95,240,0.5295,657520.38,True,0.0,0.7309,2794394.93,2022-09-14,Credit Declined,ML Scorecard v2,2024-12-31
3000220,2000220,7562974.33,Business - Partnership,Oommen-Varty,CAT-B MNC,25,1,Education,12159185.2,84,0.3115,196322.21,False,0.0,0.6075,21199324.82,2020-01-11,Sanctioned - Not Disbursed,ML Scorecard v2,2024-12-31
3000221,2000221,8620655.39,Self Employed Professional,"Nagar, Bhat and Varma",CAT-B MNC,25,15,Home Construction,19300440.06,240,0.3659,262858.15,False,0.0,0.6226,21893080.67,2020-08-23,Withdrawn,Rule Engine v3,2024-12-31
3000222,2000222,2466878.6,Business - Proprietorship,"Sagar, Swaminathan and Jani",CAT-B MNC,8,6,Marriage,2786579.84,180,0.5453,112099.08,False,0.0,0.7855,4846849.49,2021-07-27,Rejected,Manual,2024-12-31
3000223,2000223,5466080.7,Self Employed Non-Professional,Aggarwal Group,CAT-D Unrated,24,5,Marriage,14613016.29,84,0.5356,243969.4,True,47389.09,0.8125,17415296.5,2024-04-04,Disbursed,ML Scorecard v2,2024-12-31
3000224,2000224,7800430.65,Contract,"Talwar, Radhakrishnan and Sarna",CAT-A Listed,18,10,Vehicle Purchase,11430187.46,24,0.5639,366555.24,False,438902.72,0.594,14328637.79,2022-06-05,Disbursed,Manual,2024-12-31
3000225,2000225,11163408.63,Salaried,"Jayaraman, Khare and Sankar",CAT-C SME,14,14,Medical Emergency,5806984.69,36,0.3336,310342.76,False,305001.96,0.9,10304987.5,2024-06-15,Rejected,Rule Engine v3,2024-12-31
3000226,2000226,3764764.49,Self Employed Professional,Bhattacharyya and Sons,CAT-A Listed,13,2,Top-Up Loan,15798548.6,48,0.5051,158465.21,True,231588.25,0.7893,26645390.89,2022-02-26,Disbursed,Rule Engine v3,2024-12-31
3000227,2000227,9972833.69,Self Employed Professional,Ramachandran PLC,CAT-B MNC,8,15,Travel,6251596.32,48,0.3368,279904.2,True,0.0,0.7131,11034996.0,2021-10-19,Disbursed,Rule Engine v3,2024-12-31
3000228,2000228,6237403.26,Self Employed Professional,"Jayaraman, Pradhan and Borra",CAT-C SME,32,12,Vehicle Purchase,16708351.34,48,0.5625,292378.28,False,0.0,0.8262,20595686.4,2022-08-20,Withdrawn,ML Scorecard v2,2024-12-31
3000229,2000229,10630338.73,Self Employed Professional,Bajwa-Narain,CAT-B MNC,27,8,Top-Up Loan,117610.37,24,0.5455,483237.48,True,0.0,0.738,132724.12,2024-07-01,Disbursed,Rule Engine v3,2024-12-31
3000230,2000230,7077426.54,Business - Partnership,Buch Group,CAT-B MNC,13,13,Consumer Durables,16025935.02,12,0.4016,236857.87,False,214163.08,0.7554,18137821.76,2023-11-17,Disbursed,Rule Engine v3,2024-12-31
3000231,2000231,10336885.31,Business - Pvt Ltd,Bedi Ltd,Government PSU,17,1,Consumer Durables,7422097.22,36,0.5944,512020.39,False,173088.75,0.5324,11337327.39,2023-03-11,Pending Docs,Hybrid Model v1,2024-12-31
3000232,2000232,920277.74,Business - Pvt Ltd,"Sabharwal, Raja and Iyer",CAT-D Unrated,16,6,Marriage,18191803.43,120,0.4127,31649.89,False,58166.71,0.8786,28729848.39,2021-02-20,Rejected,ML Scorecard v2,2024-12-31
3000233,2000233,14203977.98,Salaried,Sachdeva-Saha,CAT-B MNC,9,6,Top-Up Loan,16500695.51,48,0.475,562240.8,False,139015.5,0.6747,31448072.51,2022-05-16,Disbursed,Rule Engine v3,2024-12-31
3000234,2000234,5816351.98,Business - Proprietorship,Malhotra Inc,Government PSU,33,13,Business Expansion,290741.59,36,0.5641,273417.01,False,74559.18,0.7103,391211.94,2024-01-02,Rejected,ML Scorecard v2,2024-12-31
3000235,2000235,2548146.68,Salaried,"Batra, Contractor and Parekh",CAT-C SME,7,8,Business Expansion,7863388.41,36,0.5581,118510.06,True,0.0,0.755,12196786.96,2022-01-17,Disbursed,Rule Engine v3,2024-12-31
3000236,2000236,4227801.73,Business - Proprietorship,"Ramaswamy, Vyas and Parmer",CAT-C SME,22,3,Business Expansion,7499956.08,180,0.3309,116581.63,True,0.0,0.6992,9542121.59,2020-04-24,Disbursed,Rule Engine v3,2024-12-31
3000237,2000237,14627512.32,Contract,"Desai, Lall and Baria",CAT-C SME,17,3,Education,12455962.06,12,0.6498,792079.79,True,351582.6,0.8265,13935644.63,2020-03-27,Disbursed,ML Scorecard v2,2024-12-31
3000238,2000238,2364140.44,Salaried,Dhar-Sankaran,Government PSU,17,11,Business Expansion,16013591.55,120,0.5492,108198.83,False,0.0,0.5877,21484234.49,2023-08-08,Rejected,Rule Engine v3,2024-12-31
3000239,2000239,10098239.56,Business - Proprietorship,"Saran, Rao and Kumar",CAT-C SME,14,3,Home Purchase,4311108.9,36,0.4088,344013.36,False,0.0,0.5339,6348427.51,2021-02-25,Credit Declined,Rule Engine v3,2024-12-31
3000240,2000240,10893352.93,Business - Pvt Ltd,"Sura, Rastogi and Mahal",CAT-A Listed,20,4,Home Purchase,9600703.83,240,0.4472,405958.95,False,0.0,0.6226,12857277.05,2020-01-26,Disbursed,ML Scorecard v2,2024-12-31
3000241,2000241,4747711.02,Business - Proprietorship,Vaidya-Handa,CAT-D Unrated,18,7,Medical Emergency,13442231.99,180,0.2677,105913.52,False,0.0,0.8334,17628618.57,2022-10-12,Disbursed,Rule Engine v3,2024-12-31
3000242,2000242,5849552.3,Salaried,Pingle Group,CAT-A Listed,15,14,Top-Up Loan,10859304.37,240,0.4807,234323.32,False,0.0,0.8184,18239959.19,2024-04-22,Rejected,Rule Engine v3,2024-12-31
3000243,2000243,11243373.44,Business - Proprietorship,Chada-Pai,CAT-C SME,14,7,Balance Transfer,4067120.62,36,0.2996,280709.56,False,0.0,0.7523,4693053.47,2021-08-31,Rejected,Manual,2024-12-31
3000244,2000244,12699566.94,Business - Partnership,"Aggarwal, Ramachandran and Deshmukh",CAT-D Unrated,19,11,Medical Emergency,10685155.37,36,0.2638,279178.81,False,0.0,0.7684,14849691.1,2024-09-04,Credit Declined,Manual,2024-12-31
3000245,2000245,7896083.24,Business - Pvt Ltd,Samra Group,Government PSU,10,14,Consumer Durables,6044794.02,36,0.2579,169699.99,False,99283.61,0.6158,11178695.64,2024-03-22,Disbursed,Hybrid Model v1,2024-12-31
3000246,2000246,3859555.47,Business - Partnership,Shenoy LLC,CAT-D Unrated,30,4,Medical Emergency,12549311.08,120,0.5744,184744.06,False,0.0,0.5681,18440661.19,2024-04-03,Disbursed,ML Scorecard v2,2024-12-31
3000247,2000247,5571085.69,Business - Pvt Ltd,"Bakshi, Wagle and Khalsa",CAT-C SME,27,10,Medical Emergency,17823923.2,12,0.6057,281200.55,False,0.0,0.7766,20854216.91,2023-06-01,Disbursed,Manual,2024-12-31
3000248,2000248,9084676.56,Self Employed Non-Professional,Sur-Savant,Government PSU,24,11,Home Construction,8002994.59,240,0.6032,456656.41,False,342035.29,0.7767,13832404.97,2020-11-17,Withdrawn,Rule Engine v3,2024-12-31
3000249,2000249,10491084.09,Business - Pvt Ltd,Sant-Karpe,CAT-A Listed,31,2,Home Purchase,14700294.91,180,0.2851,249250.67,True,0.0,0.8923,19247815.65,2021-09-08,Pending Docs,Manual,2024-12-31
3000250,2000250,12746195.19,Self Employed Professional,Memon-Yogi,CAT-C SME,6,15,Home Construction,17531531.03,60,0.63,669175.25,False,54089.31,0.5771,25685919.58,2021-09-10,Disbursed,Rule Engine v3,2024-12-31
3000251,2000251,12233025.7,Business - Partnership,"Khalsa, Bajwa and Choudhary",CAT-B MNC,29,1,Marriage,10775091.75,180,0.4526,461388.95,True,411478.33,0.5704,13969305.64,2024-10-08,Credit Declined,Rule Engine v3,2024-12-31
3000252,2000252,3582167.46,Business - Partnership,Chada-Aggarwal,CAT-A Listed,34,14,Debt Consolidation,16350503.03,180,0.3004,89673.59,True,0.0,0.8908,20494936.98,2023-04-13,Disbursed,ML Scorecard v2,2024-12-31
3000253,2000253,4895760.05,Salaried,Balasubramanian Ltd,CAT-B MNC,7,8,Working Capital,2818076.37,240,0.4868,198604.67,False,425239.96,0.7988,4668155.04,2023-06-16,Pending Docs,Hybrid Model v1,2024-12-31
3000254,2000254,11464917.19,Business - Pvt Ltd,Viswanathan-Mutti,CAT-C SME,30,11,Vehicle Purchase,7711928.55,120,0.4169,398310.33,True,200157.79,0.5511,11397665.36,2020-11-18,Disbursed,Rule Engine v3,2024-12-31
3000255,2000255,1082108.89,Business - Pvt Ltd,Varughese-Khare,CAT-C SME,17,11,Debt Consolidation,15702408.81,240,0.3345,30163.79,False,0.0,0.7669,19525268.98,2020-10-03,Disbursed,ML Scorecard v2,2024-12-31
3000256,2000256,7361738.58,Business - Pvt Ltd,"Chaudhary, Palan and Nagy",CAT-B MNC,30,0,Medical Emergency,1904143.34,240,0.4725,289868.46,False,399483.74,0.8448,3126307.33,2022-01-14,Credit Declined,ML Scorecard v2,2024-12-31
3000257,2000257,10316537.67,Self Employed Professional,"Borah, Shan and Sood",CAT-B MNC,20,5,Home Purchase,18855933.82,48,0.4423,380250.38,False,0.0,0.6056,33724404.09,2020-05-20,Rejected,Manual,2024-12-31
3000258,2000258,14153017.47,Business - Proprietorship,"Tandon, Prakash and Raja",CAT-B MNC,33,10,Travel,6662028.36,180,0.5082,599380.29,False,0.0,0.5794,7881995.54,2024-07-22,Disbursed,Rule Engine v3,2024-12-31
3000259,2000259,7813145.65,Self Employed Professional,Saha-Khalsa,CAT-C SME,27,11,Vehicle Purchase,8303847.94,180,0.3634,236608.09,False,0.0,0.753,10101056.26,2023-09-29,Withdrawn,ML Scorecard v2,2024-12-31
3000260,2000260,14360057.25,Self Employed Professional,"Venkataraman, Kapadia and Atwal",CAT-C SME,29,11,Vehicle Purchase,5077869.0,120,0.5451,652305.6,False,240941.08,0.7181,7274048.5,2023-11-15,Pending Docs,Hybrid Model v1,2024-12-31
3000261,2000261,6612652.77,Self Employed Non-Professional,Arora-Soman,CAT-C SME,9,0,Balance Transfer,1228924.53,36,0.6001,330687.74,False,268829.64,0.8515,1664752.09,2022-04-14,Disbursed,Hybrid Model v1,2024-12-31
3000262,2000262,7294322.55,Self Employed Non-Professional,Pillai Group,CAT-A Listed,25,6,Travel,18852549.12,60,0.4625,281135.35,False,0.0,0.6035,25719447.42,2021-08-02,Disbursed,Hybrid Model v1,2024-12-31
3000263,2000263,6133726.92,Self Employed Professional,"Mahal, Sanghvi and Gandhi",Government PSU,32,6,Travel,18458278.31,12,0.6027,308066.43,True,0.0,0.7884,25602695.37,2020-05-17,Disbursed,ML Scorecard v2,2024-12-31
3000264,2000264,10217690.97,Self Employed Professional,Upadhyay PLC,CAT-A Listed,16,2,Marriage,13292068.34,180,0.5796,493514.47,True,0.0,0.5096,17389503.77,2020-10-18,Withdrawn,ML Scorecard v2,2024-12-31
3000265,2000265,10316533.18,Self Employed Professional,Master PLC,CAT-B MNC,3,1,Top-Up Loan,3057691.44,24,0.476,409222.48,False,487990.86,0.6701,4023138.38,2022-01-16,Disbursed,Rule Engine v3,2024-12-31
3000266,2000266,13748291.28,Contract,Chakrabarti-Dhaliwal,CAT-C SME,25,8,Consumer Durables,16632380.97,36,0.4024,461026.03,False,0.0,0.599,27978772.85,2023-08-10,Withdrawn,Rule Engine v3,2024-12-31
3000267,2000267,2013041.93,Self Employed Non-Professional,"Ganguly, Ravel and Munshi",CAT-A Listed,33,15,Vehicle Purchase,18232833.92,24,0.4003,67151.72,False,11707.63,0.6461,22056161.03,2022-02-07,Rejected,Rule Engine v3,2024-12-31
3000268,2000268,6854129.99,Business - Pvt Ltd,Bhargava-Sankaran,CAT-A Listed,13,2,Home Purchase,14189244.05,120,0.408,233040.42,True,351364.87,0.8787,27178684.59,2023-03-08,Rejected,Hybrid Model v1,2024-12-31
3000269,2000269,6590553.95,Self Employed Professional,Mohanty and Sons,CAT-B MNC,1,13,Top-Up Loan,8352732.17,60,0.5676,311733.2,False,0.0,0.5474,10528390.08,2021-05-03,Disbursed,Hybrid Model v1,2024-12-31
3000270,2000270,13573281.11,Business - Proprietorship,Sidhu-Trivedi,CAT-D Unrated,18,5,Travel,13368884.67,120,0.3127,353697.08,True,0.0,0.5794,25545814.19,2022-06-21,Disbursed,Rule Engine v3,2024-12-31
3000271,2000271,3760816.3,Business - Pvt Ltd,Dyal PLC,Government PSU,31,10,Marriage,16390760.46,48,0.491,153880.07,False,0.0,0.6358,28063553.7,2022-02-17,Pending Docs,Rule Engine v3,2024-12-31
3000272,2000272,12151016.64,Business - Partnership,Samra PLC,CAT-D Unrated,17,1,Debt Consolidation,17422164.6,240,0.5544,561376.97,False,53189.22,0.7227,22483478.17,2021-05-14,Rejected,Manual,2024-12-31
3000273,2000273,14997339.76,Self Employed Professional,"Seth, Parsa and Anne",CAT-C SME,2,13,Working Capital,7409628.6,12,0.4698,587145.85,True,0.0,0.7548,11698510.23,2023-05-24,Disbursed,ML Scorecard v2,2024-12-31
3000274,2000274,6094148.87,Salaried,Bassi-Dash,CAT-C SME,25,5,Working Capital,13871638.31,240,0.4238,215225.02,True,289605.68,0.747,21476240.44,2022-05-06,Sanctioned - Not Disbursed,ML Scorecard v2,2024-12-31
3000275,2000275,2810474.64,Business - Partnership,"Loke, Pant and Yogi",CAT-A Listed,21,1,Vehicle Purchase,5702505.6,48,0.4423,103589.41,False,0.0,0.7553,11163153.43,2022-09-16,Disbursed,ML Scorecard v2,2024-12-31
3000276,2000276,13471810.65,Self Employed Professional,"Pall, Shenoy and Basu",CAT-C SME,14,8,Marriage,5154180.95,240,0.6133,688521.79,True,61859.7,0.6336,6642573.5,2024-03-28,Rejected,ML Scorecard v2,2024-12-31
3000277,2000277,1054383.63,Business - Pvt Ltd,Kanda and Sons,CAT-B MNC,5,6,Consumer Durables,16815214.01,60,0.5863,51515.43,False,0.0,0.818,30535988.49,2024-09-27,Withdrawn,Hybrid Model v1,2024-12-31
3000278,2000278,9609143.4,Business - Pvt Ltd,Kalita Group,Government PSU,3,9,Top-Up Loan,1695064.17,240,0.3031,242710.95,True,0.0,0.7501,2098042.46,2023-12-11,Disbursed,Rule Engine v3,2024-12-31
3000279,2000279,11070992.1,Salaried,Solanki-Sood,CAT-D Unrated,30,11,Balance Transfer,1947563.7,180,0.3479,320966.51,False,0.0,0.8922,2736884.38,2021-08-01,Sanctioned - Not Disbursed,ML Scorecard v2,2024-12-31
3000280,2000280,2589025.84,Self Employed Non-Professional,Raman-Subramanian,Government PSU,26,11,Education,16943927.85,60,0.2989,64488.32,True,352358.38,0.75,25353533.68,2023-07-07,Disbursed,Rule Engine v3,2024-12-31
3000281,2000281,10693749.76,Salaried,"Bahl, Dixit and Contractor",CAT-B MNC,11,7,Home Construction,6466219.12,12,0.3343,297910.05,False,0.0,0.6633,8284767.04,2023-07-20,Disbursed,Hybrid Model v1,2024-12-31
3000282,2000282,2631342.35,Business - Partnership,"Mani, Sama and Barad",Government PSU,14,5,Consumer Durables,14254402.69,48,0.6245,136939.44,False,0.0,0.762,15938150.05,2023-12-17,Rejected,Manual,2024-12-31
3000283,2000283,13226480.87,Self Employed Professional,Nagar Ltd,CAT-C SME,29,7,Home Construction,5548284.94,180,0.5722,630682.7,False,228077.63,0.6717,8920535.68,2023-10-18,Disbursed,ML Scorecard v2,2024-12-31
3000284,2000284,2119557.67,Business - Pvt Ltd,Mane-Tata,CAT-B MNC,5,5,Education,5901743.7,60,0.3757,66359.82,True,0.0,0.6067,11268752.81,2020-11-23,Rejected,ML Scorecard v2,2024-12-31
3000285,2000285,8674821.8,Business - Partnership,Desai and Sons,CAT-C SME,6,0,Travel,5640372.66,120,0.5278,381547.58,True,0.0,0.8089,10791409.06,2021-08-16,Withdrawn,ML Scorecard v2,2024-12-31
3000286,2000286,6985685.41,Self Employed Professional,Shukla-Sant,CAT-C SME,23,15,Top-Up Loan,2331461.36,24,0.3925,228490.13,False,0.0,0.8567,2725693.38,2024-04-13,Disbursed,ML Scorecard v2,2024-12-31
3000287,2000287,2701146.56,Self Employed Non-Professional,Nath-Mangal,CAT-A Listed,9,6,Consumer Durables,5501401.96,240,0.4705,105907.45,False,0.0,0.8077,6770292.79,2022-02-12,Withdrawn,ML Scorecard v2,2024-12-31
3000288,2000288,2161787.4,Business - Proprietorship,"Wadhwa, Dyal and Chada",CAT-D Unrated,22,6,Travel,3301068.13,24,0.5303,95532.99,False,405524.06,0.7372,6228843.27,2023-07-02,Sanctioned - Not Disbursed,Rule Engine v3,2024-12-31
3000289,2000289,11875781.94,Business - Partnership,"Bhakta, Samra and Gade",CAT-D Unrated,1,1,Vehicle Purchase,16427544.88,48,0.5813,575282.67,False,0.0,0.6456,26942706.72,2020-10-28,Withdrawn,Rule Engine v3,2024-12-31
3000290,2000290,10496318.28,Business - Pvt Ltd,Deshpande-Bora,CAT-A Listed,6,2,Education,7973593.73,48,0.4242,371044.85,True,0.0,0.6091,9706049.8,2021-05-27,Disbursed,ML Scorecard v2,2024-12-31
3000291,2000291,8605656.4,Self Employed Professional,Seth LLC,CAT-A Listed,13,2,Balance Transfer,19419346.94,240,0.498,357134.74,False,0.0,0.8847,23924715.13,2024-07-23,Rejected,Rule Engine v3,2024-12-31
3000292,2000292,1060702.83,Business - Partnership,Sama-Desai,CAT-C SME,17,11,Consumer Durables,11079926.59,60,0.3121,27587.11,False,0.0,0.7498,16195154.62,2024-03-07,Disbursed,Hybrid Model v1,2024-12-31
3000293,2000293,8060422.15,Self Employed Non-Professional,"Kulkarni, Nair and Narain",CAT-C SME,18,0,Medical Emergency,15412424.54,120,0.2741,184113.48,False,305697.49,0.8141,22814221.15,2024-01-11,Credit Declined,Hybrid Model v1,2024-12-31
3000294,2000294,12667431.23,Self Employed Non-Professional,"Kumer, Sama and Bhatnagar",CAT-C SME,31,15,Education,13358777.04,60,0.3969,418975.29,True,0.0,0.7277,26221697.71,2020-01-21,Sanctioned - Not Disbursed,ML Scorecard v2,2024-12-31
3000295,2000295,5666773.07,Self Employed Non-Professional,Mishra Inc,CAT-C SME,4,11,Debt Consolidation,12927496.68,84,0.4799,226623.7,False,0.0,0.5279,18539285.33,2024-09-01,Disbursed,ML Scorecard v2,2024-12-31
3000296,2000296,5849674.14,Self Employed Professional,Patla-Bala,Government PSU,8,6,Vehicle Purchase,15319299.34,12,0.4653,226821.11,True,0.0,0.5498,17844769.29,2023-12-03,Disbursed,ML Scorecard v2,2024-12-31
3000297,2000297,451127.16,Contract,Dayal Group,CAT-A Listed,9,12,Vehicle Purchase,19474698.79,240,0.4673,17567.64,False,449883.63,0.6939,22438652.01,2021-04-09,Pending Docs,ML Scorecard v2,2024-12-31
3000298,2000298,6847574.79,Self Employed Professional,Basu Group,CAT-C SME,10,3,Medical Emergency,1343580.34,24,0.4948,282348.33,False,0.0,0.7369,1524830.53,2021-09-05,Credit Declined,ML Scorecard v2,2024-12-31
3000299,2000299,14812681.93,Self Employed Non-Professional,Bhat-Dugar,CAT-D Unrated,25,7,Debt Consolidation,8524486.9,60,0.447,551772.4,False,0.0,0.7491,9752351.83,2021-07-07,Credit Declined,Hybrid Model v1,2024-12-31
3000300,2000300,10279974.54,Business - Proprietorship,"Chhabra, Cherian and Lala",CAT-A Listed,2,12,Travel,9539775.81,60,0.5477,469195.17,False,0.0,0.8392,12483633.41,2020-10-19,Disbursed,Hybrid Model v1,2024-12-31
3000301,2000301,12608864.43,Business - Pvt Ltd,Khare-Morar,Government PSU,22,0,Marriage,15315841.47,12,0.5522,580217.91,True,0.0,0.5002,17481941.79,2024-02-25,Disbursed,Manual,2024-12-31
3000302,2000302,8064334.71,Salaried,"Agarwal, Pillay and Atwal",CAT-D Unrated,19,4,Debt Consolidation,13836746.85,12,0.57,383055.9,True,0.0,0.7465,18549310.64,2023-07-19,Pending Docs,ML Scorecard v2,2024-12-31
3000303,2000303,10343867.63,Business - Partnership,Bumb Ltd,CAT-C SME,26,9,Marriage,8268027.49,48,0.3451,297472.39,True,0.0,0.6193,11385840.06,2020-05-20,Credit Declined,Hybrid Model v1,2024-12-31
3000304,2000304,2536602.46,Contract,Garg Ltd,CAT-D Unrated,30,1,Business Expansion,4462082.72,12,0.3338,70559.83,False,0.0,0.7344,8038064.42,2022-11-06,Disbursed,ML Scorecard v2,2024-12-31
3000305,2000305,5869105.67,Contract,Biswas-Kurian,CAT-D Unrated,26,5,Home Construction,8107564.09,36,0.573,280249.8,False,0.0,0.7252,13013983.88,2021-06-22,Credit Declined,Rule Engine v3,2024-12-31
3000306,2000306,14099497.92,Self Employed Non-Professional,"Rai, Suri and Sibal",CAT-D Unrated,1,4,Marriage,19928978.92,120,0.5494,645522.01,False,455670.88,0.5323,36169193.63,2020-07-17,Disbursed,Rule Engine v3,2024-12-31
3000307,2000307,6879412.53,Business - Pvt Ltd,Sridhar-Keer,CAT-D Unrated,3,12,Vehicle Purchase,18061927.14,120,0.5641,323389.72,False,0.0,0.5662,21107625.92,2022-11-05,Credit Declined,Rule Engine v3,2024-12-31
3000308,2000308,14276972.93,Self Employed Professional,Hayer-Padmanabhan,CAT-A Listed,34,5,Travel,10782189.81,60,0.4348,517302.32,True,0.0,0.8982,19912804.68,2022-05-22,Withdrawn,ML Scorecard v2,2024-12-31
3000309,2000309,351473.12,Business - Pvt Ltd,"Atwal, Sachar and Savant",CAT-B MNC,20,13,Business Expansion,11856980.99,48,0.6208,18182.88,False,353383.91,0.8495,13760806.55,2022-04-09,Disbursed,Rule Engine v3,2024-12-31
3000310,2000310,9497585.36,Business - Proprietorship,Sahni Group,CAT-C SME,24,10,Home Construction,6195556.38,60,0.5002,395891.02,False,0.0,0.5616,7801744.45,2024-11-04,Disbursed,Rule Engine v3,2024-12-31
3000311,2000311,8998460.83,Business - Partnership,Nori-Bandi,CAT-D Unrated,10,3,Debt Consolidation,10124654.58,24,0.4081,306022.66,True,0.0,0.8735,17963174.58,2023-10-13,Disbursed,ML Scorecard v2,2024-12-31
3000312,2000312,131445.13,Self Employed Non-Professional,Nori-Khanna,Government PSU,19,6,Top-Up Loan,12304153.52,180,0.6063,6641.27,True,0.0,0.7809,17206126.68,2023-12-19,Rejected,ML Scorecard v2,2024-12-31
3000313,2000313,10233484.7,Business - Partnership,"Bumb, Deshpande and Savant",CAT-A Listed,33,8,Travel,810237.18,48,0.2524,215244.29,True,0.0,0.8934,1514126.37,2023-03-20,Rejected,Rule Engine v3,2024-12-31
3000314,2000314,14415665.54,Business - Pvt Ltd,"Bora, Bajwa and Sethi",CAT-B MNC,5,9,Business Expansion,9750980.68,48,0.4143,497700.85,False,0.0,0.6517,17411720.84,2022-08-13,Disbursed,ML Scorecard v2,2024-12-31
3000315,2000315,9119903.12,Salaried,"Ben, Iyer and Barman",CAT-C SME,14,4,Balance Transfer,18114395.45,48,0.3661,278233.04,False,0.0,0.851,21985766.07,2020-08-04,Withdrawn,Rule Engine v3,2024-12-31
3000316,2000316,8869257.06,Business - Partnership,Bora Inc,CAT-D Unrated,33,7,Balance Transfer,1886443.71,60,0.3524,260460.52,False,200508.26,0.6531,3335760.71,2021-09-19,Disbursed,ML Scorecard v2,2024-12-31
3000317,2000317,1926700.52,Self Employed Non-Professional,"Vasa, Narula and Buch",CAT-C SME,28,10,Education,5736709.85,84,0.4214,67659.3,False,33827.91,0.8176,7736013.33,2024-09-08,Rejected,ML Scorecard v2,2024-12-31
3000318,2000318,4429141.82,Business - Proprietorship,Batra-Oza,CAT-D Unrated,14,3,Home Construction,14511578.39,24,0.5463,201636.68,False,304502.63,0.7518,25067617.82,2022-05-27,Disbursed,ML Scorecard v2,2024-12-31
3000319,2000319,1878946.55,Self Employed Non-Professional,Ghose and Sons,CAT-B MNC,8,6,Home Purchase,10281302.07,24,0.5433,85069.31,False,32343.04,0.6868,12402258.35,2023-07-21,Rejected,Rule Engine v3,2024-12-31
3000320,2000320,4537149.88,Self Employed Non-Professional,Rastogi LLC,Government PSU,23,13,Balance Transfer,3843327.26,48,0.4593,173659.41,False,0.0,0.6996,4956606.39,2023-09-30,Withdrawn,Rule Engine v3,2024-12-31
3000321,2000321,1981523.05,Self Employed Professional,Sanghvi Ltd,CAT-D Unrated,18,9,Consumer Durables,3222446.76,36,0.4237,69964.28,False,0.0,0.653,4017618.63,2020-08-19,Rejected,ML Scorecard v2,2024-12-31
3000322,2000322,6527527.88,Self Employed Non-Professional,Bhattacharyya-Mangal,CAT-B MNC,11,11,Working Capital,7459947.47,48,0.2671,145291.89,False,0.0,0.7813,13161387.57,2020-02-28,Rejected,ML Scorecard v2,2024-12-31
3000323,2000323,12774252.94,Contract,Saraf-Chahal,CAT-A Listed,34,15,Balance Transfer,5256319.19,84,0.6279,668412.79,True,0.0,0.807,6023849.55,2021-05-02,Disbursed,Hybrid Model v1,2024-12-31
3000324,2000324,8910900.06,Business - Partnership,Badal-Varughese,CAT-B MNC,26,10,Vehicle Purchase,12608387.69,120,0.4568,339208.26,True,295500.27,0.7331,22467582.73,2020-01-01,Disbursed,Hybrid Model v1,2024-12-31
3000325,2000325,6309824.13,Salaried,Rege Group,CAT-B MNC,6,10,Home Purchase,13981206.17,120,0.2715,142759.77,False,0.0,0.7975,19300412.32,2020-11-19,Rejected,Hybrid Model v1,2024-12-31
3000326,2000326,12974504.43,Salaried,Sama-Char,CAT-C SME,24,3,Balance Transfer,13318954.14,60,0.5088,550118.99,False,0.0,0.7923,23328577.91,2020-11-15,Disbursed,Hybrid Model v1,2024-12-31
3000327,2000327,10808500.87,Contract,Mohan and Sons,CAT-C SME,11,13,Business Expansion,2310722.31,12,0.524,471971.2,False,0.0,0.5546,4070321.75,2021-11-06,Disbursed,Manual,2024-12-31
3000328,2000328,8148894.48,Business - Pvt Ltd,Raj and Sons,Government PSU,16,8,Medical Emergency,17579929.68,240,0.6452,438138.89,True,0.0,0.7026,26545264.47,2022-10-09,Disbursed,ML Scorecard v2,2024-12-31
3000329,2000329,7764473.79,Contract,Shenoy-Kohli,CAT-C SME,32,9,Vehicle Purchase,8965702.69,60,0.5138,332448.89,True,338816.58,0.5273,17070176.66,2024-10-25,Disbursed,ML Scorecard v2,2024-12-31
3000330,2000330,13020240.38,Business - Pvt Ltd,Kumer-Rai,CAT-C SME,18,0,Marriage,10762766.64,120,0.3869,419794.25,False,0.0,0.6095,13644707.78,2020-06-01,Disbursed,Rule Engine v3,2024-12-31
3000331,2000331,7306562.77,Self Employed Non-Professional,"Buch, Banerjee and Subramanian",Government PSU,32,0,Medical Emergency,19358118.21,240,0.3516,214082.29,True,458893.86,0.8104,33715827.4,2024-05-10,Rejected,ML Scorecard v2,2024-12-31
3000332,2000332,8356747.06,Contract,Saxena LLC,CAT-C SME,2,12,Vehicle Purchase,16997044.91,84,0.6073,422921.04,False,0.0,0.7071,30726818.27,2020-04-26,Pending Docs,Rule Engine v3,2024-12-31
3000333,2000333,10210433.84,Contract,Chatterjee Group,CAT-D Unrated,13,9,Marriage,4291516.47,60,0.4597,391144.7,False,0.0,0.8497,5799566.69,2023-11-20,Rejected,Rule Engine v3,2024-12-31
3000334,2000334,11218959.93,Self Employed Professional,"Barad, Chauhan and Pandit",CAT-C SME,17,7,Medical Emergency,15554203.41,120,0.3303,308801.87,True,128589.47,0.8913,27183407.12,2022-04-19,Withdrawn,ML Scorecard v2,2024-12-31
3000335,2000335,11265719.68,Self Employed Non-Professional,Sahni Group,CAT-B MNC,5,13,Business Expansion,8050939.33,12,0.5318,499259.14,False,291800.01,0.8111,14749377.22,2021-12-24,Disbursed,Rule Engine v3,2024-12-31
3000336,2000336,12459017.39,Contract,Choudhry-Narayan,CAT-D Unrated,32,10,Balance Transfer,15965937.9,84,0.5427,563459.06,True,0.0,0.7514,30358983.23,2020-11-04,Disbursed,Manual,2024-12-31
3000337,2000337,9629726.74,Self Employed Professional,Handa Ltd,CAT-B MNC,32,6,Marriage,260838.59,48,0.4663,374195.13,True,96642.88,0.8211,420036.03,2024-04-14,Disbursed,Rule Engine v3,2024-12-31
3000338,2000338,6524099.0,Salaried,"Pingle, Deshpande and Virk",CAT-A Listed,31,3,Marriage,16426963.62,180,0.4677,254276.76,False,0.0,0.889,22028123.55,2024-03-15,Credit Declined,Hybrid Model v1,2024-12-31
3000339,2000339,1467576.56,Business - Proprietorship,"Wason, Garde and Edwin",CAT-D Unrated,2,4,Marriage,8638201.66,240,0.3418,41801.47,False,0.0,0.6856,11646815.88,2023-07-31,Disbursed,ML Scorecard v2,2024-12-31
3000340,2000340,9005115.34,Business - Proprietorship,Borra-Kala,CAT-C SME,15,11,Balance Transfer,6705729.33,180,0.2698,202465.01,True,199095.34,0.7839,11594317.83,2021-01-08,Disbursed,ML Scorecard v2,2024-12-31
3000341,2000341,4529430.43,Contract,Aggarwal-Kale,CAT-C SME,13,15,Vehicle Purchase,2426385.57,12,0.3781,142714.8,False,0.0,0.8895,3324995.32,2021-12-13,Disbursed,Hybrid Model v1,2024-12-31
3000342,2000342,6416627.42,Business - Pvt Ltd,Shukla LLC,CAT-C SME,10,6,Travel,3625215.82,120,0.3292,176029.48,False,0.0,0.8812,6423227.96,2020-05-24,Disbursed,Rule Engine v3,2024-12-31
3000343,2000343,11011013.09,Self Employed Non-Professional,Sibal-Sekhon,CAT-C SME,10,14,Debt Consolidation,5110467.3,12,0.3318,304454.51,True,0.0,0.7731,8827046.38,2024-03-15,Disbursed,ML Scorecard v2,2024-12-31
3000344,2000344,12732472.53,Business - Partnership,"Sekhon, Sundaram and Babu",CAT-D Unrated,32,14,Medical Emergency,15597171.19,24,0.4112,436299.39,False,111018.5,0.8499,29026107.24,2022-01-11,Withdrawn,Rule Engine v3,2024-12-31
3000345,2000345,851739.3,Business - Proprietorship,Basak Inc,CAT-C SME,31,12,Consumer Durables,18961052.68,24,0.5059,35907.91,False,438309.13,0.6419,21957202.29,2022-04-01,Disbursed,ML Scorecard v2,2024-12-31
3000346,2000346,10390224.1,Self Employed Professional,"Anand, Chawla and Mann",CAT-B MNC,32,2,Vehicle Purchase,11769964.94,12,0.5274,456650.35,False,325286.44,0.7759,13491876.17,2023-05-06,Disbursed,Hybrid Model v1,2024-12-31
3000347,2000347,5715803.49,Contract,"Golla, Zacharia and Pall",CAT-C SME,34,0,Consumer Durables,15833070.07,48,0.4715,224583.45,False,304678.44,0.7247,30938112.92,2023-09-06,Disbursed,Manual,2024-12-31
3000348,2000348,1091048.9,Business - Pvt Ltd,"Bakshi, Mangat and Nadig",CAT-C SME,27,13,Home Purchase,10701522.67,120,0.6448,58625.69,True,0.0,0.6086,20897402.55,2022-04-11,Disbursed,ML Scorecard v2,2024-12-31
3000349,2000349,12946823.25,Self Employed Professional,"Sathe, Boase and Devan",CAT-B MNC,1,12,Working Capital,9463947.88,60,0.4955,534595.91,False,0.0,0.6655,10928333.88,2023-03-07,Disbursed,Manual,2024-12-31
3000350,2000350,14772058.12,Self Employed Non-Professional,"Vasa, Swamy and Bumb",CAT-B MNC,24,11,Balance Transfer,9554389.33,24,0.4977,612671.11,False,459870.21,0.7032,10651738.29,2020-09-07,Credit Declined,ML Scorecard v2,2024-12-31
3000351,2000351,13937267.23,Salaried,Shroff-Bhatia,CAT-A Listed,32,5,Medical Emergency,14659650.38,60,0.2514,291985.75,True,81989.8,0.7012,28116931.8,2021-03-13,Rejected,ML Scorecard v2,2024-12-31
3000352,2000352,9647860.15,Business - Partnership,"Gandhi, Date and Puri",CAT-A Listed,19,12,Vehicle Purchase,6116261.51,12,0.5481,440666.01,False,0.0,0.5401,9309404.37,2023-01-15,Disbursed,ML Scorecard v2,2024-12-31
3000353,2000353,12646837.49,Business - Proprietorship,Mistry Ltd,CAT-A Listed,15,3,Top-Up Loan,8362958.76,36,0.6057,638349.12,False,0.0,0.7866,12471006.91,2024-05-31,Disbursed,ML Scorecard v2,2024-12-31
3000354,2000354,4808111.89,Business - Partnership,Bobal-Kale,CAT-C SME,33,10,Business Expansion,16096955.39,84,0.2824,113150.9,False,0.0,0.8192,20585460.86,2024-04-22,Disbursed,ML Scorecard v2,2024-12-31
3000355,2000355,12230349.9,Salaried,Joshi Group,CAT-D Unrated,5,4,Travel,1890422.77,60,0.5918,603160.09,False,0.0,0.8221,2587659.34,2022-12-11,Disbursed,ML Scorecard v2,2024-12-31
3000356,2000356,8835570.59,Salaried,"Hegde, Rout and Agrawal",CAT-A Listed,5,3,Home Construction,9605395.98,84,0.5003,368369.66,True,0.0,0.5212,11011702.17,2021-03-01,Disbursed,ML Scorecard v2,2024-12-31
3000357,2000357,2165563.56,Business - Pvt Ltd,Sami-Mane,CAT-C SME,29,13,Medical Emergency,9546988.75,84,0.503,90773.21,True,0.0,0.6347,13732121.92,2023-08-24,Disbursed,ML Scorecard v2,2024-12-31
3000358,2000358,7952169.82,Self Employed Professional,Dube-Aurora,CAT-A Listed,13,13,Consumer Durables,4003022.38,120,0.5548,367655.32,True,0.0,0.8007,5945690.32,2023-01-30,Withdrawn,ML Scorecard v2,2024-12-31
3000359,2000359,6084113.08,Business - Proprietorship,"Parsa, Mahal and Chandra",CAT-D Unrated,14,9,Debt Consolidation,18470288.18,24,0.3724,188810.31,False,0.0,0.7705,25613386.6,2023-10-31,Disbursed,Rule Engine v3,2024-12-31
3000360,2000360,12861982.71,Contract,Swaminathan Ltd,CAT-C SME,32,2,Business Expansion,17343014.39,84,0.2566,275032.06,True,0.0,0.5523,26007892.48,2024-06-27,Disbursed,Hybrid Model v1,2024-12-31
3000361,2000361,5038494.37,Self Employed Professional,"Kale, More and Goda",CAT-C SME,17,6,Business Expansion,13813543.51,84,0.2816,118236.67,False,0.0,0.8454,17664122.07,2020-11-13,Rejected,Hybrid Model v1,2024-12-31
3000362,2000362,12148346.57,Self Employed Professional,Rao Ltd,CAT-C SME,23,7,Top-Up Loan,13745871.51,48,0.5394,546068.18,False,0.0,0.8577,15969493.08,2023-05-08,Withdrawn,Manual,2024-12-31
3000363,2000363,193481.54,Self Employed Professional,"Hayre, Halder and Dara",Government PSU,15,7,Debt Consolidation,6107511.0,36,0.5202,8387.42,True,0.0,0.8971,9546284.17,2022-01-26,Disbursed,ML Scorecard v2,2024-12-31
3000364,2000364,798258.21,Contract,Rajan-Memon,CAT-D Unrated,14,9,Medical Emergency,407133.55,36,0.4775,31764.02,False,0.0,0.8357,713409.37,2020-02-01,Withdrawn,ML Scorecard v2,2024-12-31
3000365,2000365,11231008.81,Self Employed Non-Professional,"Soman, Nagi and Ramakrishnan",CAT-C SME,31,10,Balance Transfer,4366809.51,180,0.4425,414143.45,True,0.0,0.6348,4986386.37,2020-12-06,Rejected,Rule Engine v3,2024-12-31
3000366,2000366,1749596.25,Business - Pvt Ltd,"Chaudhry, Rai and Chaudry",CAT-D Unrated,34,0,Consumer Durables,10234664.39,180,0.584,85147.02,True,0.0,0.7884,13585226.06,2022-09-07,Withdrawn,Hybrid Model v1,2024-12-31
3000367,2000367,8646793.34,Salaried,"Anand, Ravel and Sabharwal",CAT-D Unrated,8,13,Vehicle Purchase,8174359.72,180,0.3941,283975.1,False,0.0,0.8348,12919567.34,2022-02-03,Disbursed,ML Scorecard v2,2024-12-31
3000368,2000368,9054913.43,Self Employed Professional,Prabhu-Sangha,CAT-C SME,15,14,Travel,11925014.54,24,0.6202,467988.11,True,0.0,0.6789,13770663.6,2022-04-23,Rejected,ML Scorecard v2,2024-12-31
3000369,2000369,9191777.53,Contract,"Cherian, Tata and Badal",CAT-D Unrated,12,15,Consumer Durables,16620856.56,36,0.3666,280808.8,False,142113.53,0.8179,21492177.85,2023-01-09,Disbursed,ML Scorecard v2,2024-12-31
3000370,2000370,1697595.34,Business - Proprietorship,Kala PLC,CAT-D Unrated,12,11,Business Expansion,12721324.44,180,0.385,54464.52,False,0.0,0.5585,15820118.52,2021-03-01,Disbursed,ML Scorecard v2,2024-12-31
3000371,2000371,2983950.67,Self Employed Non-Professional,Bail-Subramanian,CAT-C SME,12,4,Business Expansion,12957895.15,180,0.4874,121198.13,True,0.0,0.8766,16417782.73,2020-09-12,Disbursed,ML Scorecard v2,2024-12-31
3000372,2000372,12371131.04,Business - Proprietorship,Baral-Shroff,CAT-A Listed,2,0,Debt Consolidation,6729288.38,120,0.3662,377525.68,False,0.0,0.6371,13224945.15,2024-03-23,Disbursed,Rule Engine v3,2024-12-31
3000373,2000373,14712756.83,Business - Pvt Ltd,"Agate, Bakshi and Master",CAT-C SME,11,5,Travel,18181455.08,36,0.2535,310806.99,True,0.0,0.6364,25629257.73,2022-11-17,Disbursed,Rule Engine v3,2024-12-31
3000374,2000374,10584612.11,Business - Partnership,Batra-Varghese,CAT-A Listed,23,12,Debt Consolidation,18395272.21,240,0.4115,362963.99,True,20198.53,0.8502,23201012.99,2022-02-26,Disbursed,ML Scorecard v2,2024-12-31
3000375,2000375,8797800.6,Contract,Doctor Inc,CAT-D Unrated,24,7,Working Capital,834325.61,36,0.3693,270752.31,False,0.0,0.7359,1261543.84,2023-10-06,Withdrawn,ML Scorecard v2,2024-12-31
3000376,2000376,10316487.89,Business - Partnership,Saxena-Ramesh,CAT-B MNC,6,8,Top-Up Loan,13142941.63,12,0.4786,411455.93,False,0.0,0.7269,21141729.03,2022-09-23,Disbursed,Hybrid Model v1,2024-12-31
3000377,2000377,13934567.04,Business - Partnership,"Reddy, D’Alia and Arya",CAT-D Unrated,23,3,Education,11495493.7,240,0.307,356492.67,False,0.0,0.6652,20063450.0,2022-08-08,Rejected,Hybrid Model v1,2024-12-31
3000378,2000378,7277988.83,Self Employed Non-Professional,Ramesh-Sachdev,CAT-D Unrated,35,2,Business Expansion,16565113.49,180,0.4846,293909.45,False,0.0,0.6842,23891234.84,2021-08-04,Disbursed,ML Scorecard v2,2024-12-31
3000379,2000379,7423547.39,Contract,"Srivastava, Parikh and Shere",CAT-A Listed,1,3,Home Purchase,2248144.07,12,0.2786,172350.03,False,117260.89,0.8869,4250498.58,2021-02-07,Disbursed,Hybrid Model v1,2024-12-31
3000380,2000380,4924820.51,Business - Proprietorship,Khosla PLC,CAT-A Listed,15,7,Vehicle Purchase,9228427.59,36,0.4166,170973.35,False,284697.59,0.5036,12661047.75,2023-09-04,Pending Docs,Manual,2024-12-31
3000381,2000381,785321.68,Self Employed Professional,"Bhat, Thakkar and Sheth",CAT-A Listed,10,11,Debt Consolidation,8032235.93,36,0.3435,22479.83,True,0.0,0.8555,12188176.05,2020-06-13,Disbursed,Rule Engine v3,2024-12-31
3000382,2000382,6080873.64,Business - Partnership,Atwal-Sanghvi,CAT-A Listed,6,11,Education,9770482.43,24,0.5106,258741.17,False,0.0,0.5457,11301200.07,2020-09-17,Disbursed,ML Scorecard v2,2024-12-31
3000383,2000383,5434548.19,Self Employed Professional,Rana Inc,CAT-C SME,3,13,Balance Transfer,14580255.21,240,0.5644,255604.92,False,0.0,0.8404,26218763.1,2021-06-26,Credit Declined,Rule Engine v3,2024-12-31
3000384,2000384,7258915.61,Business - Pvt Ltd,Manne Inc,CAT-D Unrated,7,9,Education,3101527.59,180,0.6447,389985.24,True,140352.54,0.6819,5238604.68,2021-05-12,Disbursed,ML Scorecard v2,2024-12-31
3000385,2000385,11637465.15,Self Employed Non-Professional,Ganesan-Kulkarni,CAT-B MNC,22,13,Home Purchase,19929918.57,240,0.3826,371041.18,False,0.0,0.7636,28698950.86,2020-06-26,Disbursed,Manual,2024-12-31
3000386,2000386,8118657.14,Business - Pvt Ltd,"Guha, Gaba and Hans",CAT-C SME,5,11,Home Construction,4180865.27,84,0.3333,225495.7,False,81017.67,0.606,7802632.23,2023-03-13,Credit Declined,Manual,2024-12-31
3000387,2000387,9796489.89,Contract,Arya Group,CAT-D Unrated,2,0,Home Construction,6719033.49,240,0.4565,372674.8,True,483778.39,0.8589,8129630.31,2024-11-28,Disbursed,ML Scorecard v2,2024-12-31
3000388,2000388,9725492.82,Contract,"Bir, Sunder and Narang",CAT-A Listed,2,2,Home Construction,18793119.2,180,0.3692,299221.0,False,0.0,0.7464,30760613.05,2024-03-02,Disbursed,ML Scorecard v2,2024-12-31
3000389,2000389,8921391.03,Business - Proprietorship,"Bhat, Karan and Bahl",Government PSU,7,11,Education,14094189.48,84,0.327,243107.91,False,0.0,0.6939,19727952.02,2023-09-08,Disbursed,Rule Engine v3,2024-12-31
3000390,2000390,1854636.88,Business - Partnership,"Ram, Barad and Bassi",CAT-B MNC,3,0,Marriage,10583389.05,12,0.5549,85761.5,False,0.0,0.5995,20191610.15,2022-02-21,Credit Declined,Hybrid Model v1,2024-12-31
3000391,2000391,2120277.89,Business - Partnership,Nair Group,CAT-C SME,12,3,Consumer Durables,18552101.4,60,0.5995,105925.55,False,0.0,0.8274,20839874.21,2021-03-30,Disbursed,Hybrid Model v1,2024-12-31
3000392,2000392,7178372.41,Business - Partnership,"Sood, Raval and Sachdev",CAT-D Unrated,8,13,Marriage,13605225.2,180,0.2852,170605.98,False,0.0,0.5421,21162457.09,2024-06-08,Disbursed,Manual,2024-12-31
3000393,2000393,6582101.25,Business - Partnership,"Ben, Pandey and Gandhi",CAT-D Unrated,3,3,Consumer Durables,9242031.07,240,0.6366,349180.47,False,0.0,0.5935,14563618.91,2022-09-30,Disbursed,ML Scorecard v2,2024-12-31
3000394,2000394,5417503.55,Business - Pvt Ltd,"Guha, Rama and Korpal",CAT-C SME,11,5,Consumer Durables,1793534.51,48,0.6466,291913.15,True,0.0,0.8842,2888405.08,2023-11-17,Disbursed,Rule Engine v3,2024-12-31
3000395,2000395,5227932.94,Business - Proprietorship,Dash PLC,CAT-B MNC,11,2,Top-Up Loan,1846198.39,180,0.454,197790.13,False,0.0,0.5811,3417446.87,2022-10-02,Disbursed,Rule Engine v3,2024-12-31
3000396,2000396,1103637.67,Contract,Patel Group,CAT-C SME,25,6,Business Expansion,6919281.78,180,0.3759,34571.45,False,0.0,0.871,11531589.06,2023-12-10,Disbursed,Rule Engine v3,2024-12-31
3000397,2000397,3299205.18,Business - Proprietorship,"Badal, Handa and Ghosh",CAT-B MNC,13,15,Debt Consolidation,902484.0,24,0.6039,166032.5,True,99354.46,0.7506,1540332.18,2023-05-16,Disbursed,Hybrid Model v1,2024-12-31
3000398,2000398,7268698.17,Salaried,Agarwal Inc,Government PSU,16,7,Medical Emergency,9415707.53,60,0.5928,359073.69,False,106147.38,0.5265,17708334.52,2020-04-11,Disbursed,ML Scorecard v2,2024-12-31
3000399,2000399,1568088.98,Salaried,"Sidhu, Srinivas and Sagar",CAT-D Unrated,6,10,Marriage,8227418.4,240,0.3077,40208.41,False,0.0,0.6749,12096894.02,2022-03-06,Disbursed,ML Scorecard v2,2024-12-31
