customer_id,cif_number,customer_name,dob,age,gender,marital_status,occupation_type,annual_income,city,state,pincode,pan_number,mobile_number,email_id,kyc_status,years_at_current_residence,own_rent_flag,load_date
2000000,CIF0002000000,Sneha Sankar,1996-07-21,28,Female,Unmarried,Contract Employee,7028210.08,Coimbatore,Tamil Nadu,372986,INTKS8471F,9901898947,ebobal@example.net,Re-KYC Due,17,Rented,2024-12-31
2000001,CIF0002000001,Ronith Hayre,1988-12-29,36,Female,Married,Salaried - Government,5960334.01,Howrah,West Bengal,676060,EOADC8431M,9295047890,karora@example.net,Verified - Branch,30,Owned,2024-12-31
2000002,CIF0002000002,Yashodhara Lata,1960-09-05,64,Male,Married,Self Employed - Non Professional,11145999.29,Howrah,West Bengal,279508,LFLSF4049A,9208243963,kadakiagaurav@example.com,Verified - Branch,25,Owned,2024-12-31
2000003,CIF0002000003,Priya Ganesh,1982-03-15,42,Female,Unmarried,Self Employed - Non Professional,4884631.11,Amritsar,Punjab,423025,GOGEQ5006Z,9386450980,barkhakhalsa@example.com,Verified - CKYC,15,Rented,2024-12-31
2000004,CIF0002000004,Bhavani Bhasin,1974-08-20,50,Female,Unmarried,Salaried - Government,2805251.75,Siliguri,West Bengal,568531,EKGAI5159S,9748118531,meghana41@example.net,Verified - Branch,27,Rented,2024-12-31
2000005,CIF0002000005,Nikita Dutta,1970-08-22,54,Female,Married,Pensioner,2177537.46,Pune,Maharashtra,685432,LEIRP9634P,9657212859,yadavichander@example.com,Verified - CKYC,4,Owned,2024-12-31
2000006,CIF0002000006,Laban Sundaram,1987-09-07,37,Female,Married,Contract Employee,7837125.07,Mysuru,Karnataka,630490,KUWOE1728I,9710874601,wyatt65@example.com,Verified - CKYC,21,Owned,2024-12-31
2000007,CIF0002000007,Yatan Gandhi,1971-07-26,53,Male,Widowed,Self Employed - Non Professional,13847464.56,Nizamabad,Telangana,776758,GNYUX1662G,9188057432,edhitha61@example.org,Verified - Branch,27,Rented,2024-12-31
2000008,CIF0002000008,Saanvi Varma,1996-04-15,28,Female,Married,Self Employed - Professional,11714801.24,Hyderabad,Telangana,865215,BVEFS2533A,9730157079,jeremiah12@example.com,Verified - Branch,21,Owned,2024-12-31
2000009,CIF0002000009,Januja Peri,1997-11-18,27,Male,Married,Self Employed - Non Professional,10339190.1,Surat,Gujarat,624146,HWNBV1080S,9199781992,guhavasatika@example.net,Verified - V-KYC,3,Owned,2024-12-31
2000010,CIF0002000010,Dalaja Dey,1968-08-13,56,Female,Married,Salaried - Government,9134859.23,Pune,Maharashtra,882259,DEWYY7719O,9823098233,thomas41@example.org,Verified - CKYC,3,Owned,2024-12-31
2000011,CIF0002000011,Bachittar Bahri,1971-03-19,53,Male,Married,Self Employed - Non Professional,670902.61,Mysuru,Karnataka,699663,BQADI9669Y,9306635789,nkrishnan@example.net,Verified - CKYC,10,Owned,2024-12-31
2000012,CIF0002000012,Vasatika Samra,1995-11-07,29,Male,Married,Gig Worker,10283660.75,Pune,Maharashtra,755725,QRHND5621F,9663517299,rwalla@example.org,Verified - CKYC,10,Company Provided,2024-12-31
2000013,CIF0002000013,Vyanjana Bajwa,1967-01-29,57,Female,Unmarried,Salaried - Government,12179713.41,Chandigarh,Punjab,871734,DHDVP7008L,9803468817,parthsant@example.com,Verified - CKYC,29,Owned,2024-12-31
2000014,CIF0002000014,Nachiket Yogi,1966-07-02,58,Male,Married,Pensioner,8299461.19,Chandigarh,Punjab,665852,UPVUF8433D,9493731040,dateayaan@example.org,Verified - CKYC,24,Parental,2024-12-31
2000015,CIF0002000015,Chatresh Issac,1978-04-08,46,Male,Married,Contract Employee,3554405.1,New Delhi,Delhi,618895,YXUAZ1881N,9398425899,udarshsarkar@example.com,Verified - CKYC,19,Rented,2024-12-31
2000016,CIF0002000016,Pooja Kashyap,1993-09-08,31,Female,Married,Pensioner,4004600.39,Kolkata,West Bengal,266302,LPKDW9700U,9988808735,jason54@example.net,Verified - Branch,20,Rented,2024-12-31
2000017,CIF0002000017,Yuvraj Dara,1957-11-27,67,Female,Married,Pensioner,6417054.29,Rohini,Delhi,925061,GDQXK9132S,9430990934,vivaan73@example.org,Verified - V-KYC,11,Owned,2024-12-31
2000018,CIF0002000018,Abhimanyu Hora,1980-07-28,44,Male,Married,Gig Worker,1003849.35,Nizamabad,Telangana,224266,LEGMC5114O,9956050388,naksh27@example.net,Verified - Branch,3,Owned,2024-12-31
2000019,CIF0002000019,Vansha Sunder,1975-08-15,49,Male,Married,Pensioner,6782686.78,Nashik,Maharashtra,255327,CKTCE9458B,9736457654,vigalka@example.org,Verified - CKYC,23,Owned,2024-12-31
2000020,CIF0002000020,Mekhala Datta,1996-07-30,28,Male,Married,Business Owner,5493482.46,Hyderabad,Telangana,656473,CNKCB4755K,9395867188,hemangini00@example.net,Verified - CKYC,6,Company Provided,2024-12-31
2000021,CIF0002000021,Vasatika Varughese,1972-08-19,52,Male,Married,Business Owner,7503071.23,Chennai,Tamil Nadu,314498,AOENN6821O,9229381992,keerjagrati@example.net,Verified - V-KYC,10,Owned,2024-12-31
2000022,CIF0002000022,Lakshit Rau,1969-01-17,55,Female,Married,Salaried - Government,7926284.82,Noida,Delhi,971044,VXLGL7449N,9248414766,madanbhavika@example.net,Verified - V-KYC,15,Owned,2024-12-31
2000023,CIF0002000023,Praneel Mitter,1991-02-25,33,Male,Married,Contract Employee,10038063.54,Nagpur,Maharashtra,230362,KCZQA2111Z,9370922917,saibatta@example.net,Verified - CKYC,23,Rented,2024-12-31
2000024,CIF0002000024,Tara Rajan,1961-02-04,63,Male,Widowed,Salaried - Government,4831988.72,Ludhiana,Punjab,280481,VOSSS1049K,9145415982,manbirnazareth@example.org,Verified - CKYC,19,Rented,2024-12-31
2000025,CIF0002000025,Yashvi Pai,1999-07-31,25,Male,Married,Salaried - Government,12227339.72,Chandigarh,Punjab,500788,YKPZQ2066G,9747452339,takomisha@example.net,Verified - V-KYC,9,Owned,2024-12-31
2000026,CIF0002000026,Falan Om,1968-04-26,56,Female,Married,Self Employed - Non Professional,11086083.3,Jaipur,Rajasthan,640423,FHBMG4822F,9819118723,oscarraju@example.org,Verified - V-KYC,9,Rented,2024-12-31
2000027,CIF0002000027,Zehaan Uppal,1956-04-25,68,Male,Married,Contract Employee,12318828.27,Mangaluru,Karnataka,666808,BVGWW3286A,9284176984,pbalasubramanian@example.org,Verified - CKYC,13,Owned,2024-12-31
2000028,CIF0002000028,Nathan Nazareth,1978-04-13,46,Female,Unmarried,Gig Worker,8980652.25,Chennai,Tamil Nadu,917930,CYYYU4853L,9727830747,hemanginisant@example.net,Verified - CKYC,4,Company Provided,2024-12-31
2000029,CIF0002000029,Krishna Barad,1957-01-04,68,Female,Unmarried,Gig Worker,13929767.03,Mangaluru,Karnataka,372667,TNQZY9326A,9426540001,choudharyoviya@example.org,Verified - V-KYC,5,Rented,2024-12-31
2000030,CIF0002000030,Jairaj Tak,1975-12-01,49,Female,Married,Salaried - Private Sector,6351559.19,Durgapur,West Bengal,435752,OLNLA3827B,9608175439,sakshamdevan@example.org,Verified - V-KYC,26,Company Provided,2024-12-31
2000031,CIF0002000031,Qarin Sangha,1962-08-21,62,Female,Married,Self Employed - Professional,9046537.46,Noida,Delhi,544045,HKTRY9370P,9700961387,mohammed47@example.org,Pending,4,Rented,2024-12-31
2000032,CIF0002000032,Teerth Rao,1959-06-28,65,Female,Married,Agriculturalist,775035.35,Kota,Rajasthan,678654,GPFDX2448Z,9789693165,wbail@example.com,Verified - CKYC,15,Owned,2024-12-31
2000033,CIF0002000033,Luke Jain,1984-11-25,40,Male,Married,Agriculturalist,10565924.14,Kanpur,Uttar Pradesh,396788,SJULU7523F,9996667415,vargheseekani@example.net,Verified - V-KYC,12,Rented,2024-12-31
2000034,CIF0002000034,Dhruv Bedi,1957-04-19,67,Male,Married,Pensioner,8750361.26,Rajkot,Gujarat,354969,GNDLD6538D,9986395143,dadakamala@example.org,Verified - V-KYC,8,Rented,2024-12-31
2000035,CIF0002000035,Chaman Gara,1974-12-01,50,Female,Married,Self Employed - Professional,14860056.56,Chennai,Tamil Nadu,889467,GKSFB8141E,9666086673,aishani76@example.com,Verified - CKYC,18,Owned,2024-12-31
2000036,CIF0002000036,Hemani Bahri,1963-01-01,62,Female,Widowed,Self Employed - Professional,14978855.32,Mumbai,Maharashtra,314508,HFVPT5067L,9867440618,vasatikamanda@example.com,Verified - CKYC,7,Owned,2024-12-31
2000037,CIF0002000037,Udarsh Prashad,1985-08-28,39,Female,Unmarried,Self Employed - Professional,5481504.85,Jaipur,Rajasthan,391941,EGXIN7563K,9905817961,priya52@example.net,Verified - CKYC,4,Owned,2024-12-31
2000038,CIF0002000038,Garima Kaul,1993-06-24,31,Female,Married,Contract Employee,13461046.47,Amritsar,Punjab,883833,IAFHA7822M,9170151398,esathe@example.net,Verified - Branch,4,Rented,2024-12-31
2000039,CIF0002000039,Brijesh Bajwa,1955-04-04,69,Male,Widowed,Self Employed - Non Professional,12615251.31,Amritsar,Punjab,752788,WMOCC5437N,9298328666,gourkrish@example.net,Pending,20,Owned,2024-12-31
2000040,CIF0002000040,Kabir Thaman,1977-05-03,47,Female,Unmarried,Salaried - Government,4990620.12,Rajkot,Gujarat,716931,SPSOI9302M,9380481626,vrinda47@example.net,Re-KYC Due,25,Rented,2024-12-31
2000041,CIF0002000041,Chasmum Saran,1967-02-03,57,Female,Married,Salaried - Private Sector,5346764.32,Bengaluru,Karnataka,173802,SRBRM6919H,9609469912,vasalekha@example.com,Verified - CKYC,21,Rented,2024-12-31
2000042,CIF0002000042,Yashica Wagle,1973-08-01,51,Male,Married,Contract Employee,234253.56,Noida,Delhi,125976,KGZQC5258K,9737928689,wazirmall@example.net,Verified - V-KYC,18,Owned,2024-12-31
2000043,CIF0002000043,Chasmum Rastogi,1977-06-13,47,Male,Married,Agriculturalist,4020506.28,Madurai,Tamil Nadu,115052,EHJJW8125N,9980673779,chameli36@example.org,Verified - Branch,9,Owned,2024-12-31
2000044,CIF0002000044,Yatin Rana,1994-10-02,30,Male,Married,Salaried - Private Sector,6446253.74,Karimnagar,Telangana,354297,IXOUI6225H,9939913662,gayathri61@example.net,Verified - CKYC,25,Owned,2024-12-31
2000045,CIF0002000045,Mitali Lala,1971-07-15,53,Female,Married,Agriculturalist,2504730.41,Jodhpur,Rajasthan,295809,UIHCQ6685H,9227146375,dalbir07@example.net,Verified - CKYC,9,Owned,2024-12-31
2000046,CIF0002000046,Azad Yohannan,1997-12-01,27,Male,Married,Salaried - Government,1493426.34,Siliguri,West Bengal,993163,SMKTP7392A,9640479208,frederickbandi@example.net,Verified - Branch,8,Rented,2024-12-31
2000047,CIF0002000047,Gaurav Iyer,1960-05-19,64,Female,Widowed,Self Employed - Professional,3034751.09,Varanasi,Uttar Pradesh,182976,AXNCP7489P,9285638316,magaryasti@example.net,Verified - V-KYC,28,Parental,2024-12-31
2000048,CIF0002000048,Ekanta Varughese,1979-07-06,45,Male,Married,Self Employed - Professional,915651.7,Kolkata,West Bengal,654447,LZKGE7963C,9369754569,theodoresengupta@example.net,Verified - CKYC,24,Company Provided,2024-12-31
2000049,CIF0002000049,Chanchal Jhaveri,1993-08-01,31,Male,Widowed,Gig Worker,2721447.0,Warangal,Telangana,234130,IPKTB6740U,9232506072,bahloliver@example.com,Verified - V-KYC,22,Rented,2024-12-31
2000050,CIF0002000050,Jagrati Agrawal,1977-09-19,47,Male,Married,Contract Employee,5157463.35,Agra,Uttar Pradesh,252716,JTYBR8032I,9311322403,ikshita87@example.net,Verified - Branch,2,Owned,2024-12-31
2000051,CIF0002000051,Charvi Misra,1995-02-22,29,Male,Unmarried,Self Employed - Non Professional,3734295.52,Dwarka,Delhi,407725,HNTTM2390O,9792633163,anushataneja@example.com,Verified - V-KYC,23,Owned,2024-12-31
2000052,CIF0002000052,Matthew Datta,1972-03-11,52,Female,Unmarried,Salaried - Private Sector,12041798.26,Chennai,Tamil Nadu,170539,WOJEB8778L,9751482677,andrew47@example.org,Verified - Branch,30,Owned,2024-12-31
2000053,CIF0002000053,Yasti Suri,1984-07-06,40,Male,Unmarried,Business Owner,9407038.91,Nagpur,Maharashtra,340582,SFKZZ6324X,9455434392,anushakurian@example.com,Verified - Branch,28,Owned,2024-12-31
2000054,CIF0002000054,Logan Sampath,1961-03-15,63,Female,Married,Business Owner,13761831.74,Mumbai,Maharashtra,476925,SKMHX7962L,9380947516,devika92@example.org,Verified - CKYC,1,Company Provided,2024-12-31
2000055,CIF0002000055,Leela Chand,1960-12-01,64,Female,Married,Gig Worker,6912620.68,Rohini,Delhi,626740,MQLUC6251H,9650284454,xramaswamy@example.net,Verified - V-KYC,27,Rented,2024-12-31
2000056,CIF0002000056,Dayita Narayanan,1968-11-27,56,Female,Unmarried,Salaried - Government,4200703.85,Kota,Rajasthan,571244,XTPHZ8884S,9831243679,vasananagy@example.net,Verified - CKYC,12,Owned,2024-12-31
2000057,CIF0002000057,Urvi Badami,1977-08-31,47,Male,Married,Salaried - Government,2366104.4,Mangaluru,Karnataka,218205,EDFOF8365F,9793713830,xchacko@example.org,Verified - V-KYC,15,Owned,2024-12-31
2000058,CIF0002000058,Gayathri Dani,1970-06-20,54,Male,Unmarried,Salaried - Private Sector,2874500.39,Coimbatore,Tamil Nadu,284265,NNBPY3748E,9102268385,bhanumati06@example.net,Verified - CKYC,22,Rented,2024-12-31
2000059,CIF0002000059,Udyati Sarkar,1989-01-14,35,Male,Married,Salaried - Government,12289308.38,Siliguri,West Bengal,298548,CXNQR8878W,9500152809,bimala78@example.net,Verified - CKYC,2,Owned,2024-12-31
2000060,CIF0002000060,Imaran Gole,1983-08-25,41,Male,Unmarried,Gig Worker,9665736.14,Rohini,Delhi,304459,QQCNB8906I,9438080327,pahalmody@example.org,Verified - CKYC,27,Parental,2024-12-31
2000061,CIF0002000061,Neha Rajagopalan,1958-02-16,66,Male,Unmarried,Pensioner,14293153.53,Hyderabad,Telangana,716904,ATZLT3988A,9507151520,thakurjagrati@example.org,Verified - CKYC,2,Owned,2024-12-31
2000062,CIF0002000062,Advika Choudhary,1993-10-31,31,Male,Married,Salaried - Government,10596705.29,Nashik,Maharashtra,335715,ZRKCA7438L,9403001934,magate@example.com,Verified - CKYC,14,Rented,2024-12-31
2000063,CIF0002000063,Azad Wagle,1979-02-14,45,Male,Married,Gig Worker,2215501.48,Mangaluru,Karnataka,660249,UMNAU4189N,9879123820,farasrajan@example.org,Verified - V-KYC,19,Owned,2024-12-31
2000064,CIF0002000064,Lila Som,1956-05-20,68,Male,Unmarried,Contract Employee,11750048.51,Kota,Rajasthan,176176,NOONQ2938P,9490932614,hdada@example.com,Verified - CKYC,25,Rented,2024-12-31
2000065,CIF0002000065,Ryan Garg,1995-09-09,29,Female,Married,Pensioner,6883735.66,Madurai,Tamil Nadu,761714,VOXAP3072A,9660468135,darikabiswas@example.net,Verified - V-KYC,26,Company Provided,2024-12-31
2000066,CIF0002000066,Zehaan Master,1982-02-27,42,Female,Unmarried,Pensioner,5113942.3,Jaipur,Rajasthan,429624,ZOAYX7038E,9226463759,ganand@example.com,Verified - CKYC,14,Owned,2024-12-31
2000067,CIF0002000067,Robert Shere,1998-10-21,26,Male,Unmarried,Agriculturalist,14106684.9,Mysuru,Karnataka,556909,HPUCR3370I,9385906450,pallaviprasad@example.org,Verified - CKYC,4,Rented,2024-12-31
2000068,CIF0002000068,Ria Seth,1961-09-05,63,Female,Married,Gig Worker,5277578.31,Durgapur,West Bengal,407912,LVWXG7003I,9500342933,bansallaksh@example.org,Verified - CKYC,26,Owned,2024-12-31
2000069,CIF0002000069,Rachana Oza,1955-04-05,69,Male,Married,Self Employed - Non Professional,13889070.65,Jodhpur,Rajasthan,458792,VDVJV1295X,9540243542,rachana18@example.org,Verified - CKYC,1,Rented,2024-12-31
2000070,CIF0002000070,Ranbir Om,1979-12-25,45,Female,Married,Salaried - Private Sector,1443715.98,Dwarka,Delhi,645438,WMEEO6375X,9800025600,dayitaagrawal@example.org,Pending,26,Rented,2024-12-31
2000071,CIF0002000071,Yashoda Rastogi,1995-08-10,29,Male,Married,Pensioner,14151410.63,Madurai,Tamil Nadu,772640,GDKKY7113A,9849487840,grege@example.net,Verified - Branch,1,Owned,2024-12-31
2000072,CIF0002000072,Urvashi Bandi,1955-02-03,69,Male,Married,Salaried - Private Sector,11188758.44,Chandigarh,Punjab,338459,PVXCV2411K,9977183136,yashawinivyas@example.com,Verified - Branch,14,Owned,2024-12-31
2000073,CIF0002000073,Bhavya Kashyap,1972-11-27,52,Male,Unmarried,Salaried - Government,13173577.63,Ludhiana,Punjab,701885,BMVPR1075P,9943110227,vjain@example.com,Verified - CKYC,22,Owned,2024-12-31
2000074,CIF0002000074,Rachita Behl,1967-08-21,57,Male,Married,Contract Employee,11517947.68,Surat,Gujarat,533501,UNKOF7752L,9998005043,sawhneypriya@example.com,Verified - Branch,30,Rented,2024-12-31
2000075,CIF0002000075,Yatan Bath,1997-07-15,27,Male,Married,Pensioner,11647285.96,Kanpur,Uttar Pradesh,796241,FINFU2158B,9755813451,owen68@example.net,Verified - CKYC,21,Owned,2024-12-31
2000076,CIF0002000076,Mitali Chaudhuri,1974-02-20,50,Female,Married,Gig Worker,1019875.24,Durgapur,West Bengal,386270,ZUSLN4964K,9685908727,indirachaudhary@example.net,Verified - CKYC,23,Owned,2024-12-31
2000077,CIF0002000077,Tanvi Bhavsar,1977-07-20,47,Male,Unmarried,Business Owner,6159675.83,Dwarka,Delhi,244598,XYNOZ6208Z,9680026872,emisra@example.org,Verified - CKYC,10,Owned,2024-12-31
2000078,CIF0002000078,Jyoti Golla,1959-07-01,65,Female,Unmarried,Salaried - Private Sector,8959711.31,Durgapur,West Bengal,667114,KLICY3612G,9457885126,bbehl@example.com,Pending,10,Owned,2024-12-31
2000079,CIF0002000079,Veda Badal,1957-06-21,67,Female,Divorced,Salaried - Government,9063282.05,Durgapur,West Bengal,820034,RPXCC2640O,9120504826,parthbumb@example.com,Verified - CKYC,25,Owned,2024-12-31
2000080,CIF0002000080,Osha Jain,1959-11-04,65,Female,Divorced,Salaried - Government,10276908.4,Siliguri,West Bengal,100681,REQKQ4830K,9188790935,pbedi@example.org,Verified - V-KYC,5,Owned,2024-12-31
2000081,CIF0002000081,Timothy Salvi,1960-05-04,64,Male,Unmarried,Self Employed - Professional,13608803.31,Nizamabad,Telangana,463881,AWTSB6234D,9956789742,sahotaqasim@example.com,Verified - V-KYC,21,Rented,2024-12-31
2000082,CIF0002000082,Anita Natt,1957-11-14,67,Male,Married,Pensioner,10659459.21,Durgapur,West Bengal,718541,LBVCL4133E,9823778656,vpillai@example.net,Verified - CKYC,0,Parental,2024-12-31
2000083,CIF0002000083,Gaurika Kohli,1955-11-15,69,Female,Married,Salaried - Private Sector,4248220.16,Bengaluru,Karnataka,232179,ZHRFH1199G,9133750631,tsarna@example.com,Verified - Branch,13,Owned,2024-12-31
2000084,CIF0002000084,Fariq Hans,1960-10-11,64,Female,Married,Gig Worker,5464511.68,Chandigarh,Punjab,896881,BHPCF6518T,9905352282,srout@example.com,Verified - CKYC,11,Rented,2024-12-31
2000085,CIF0002000085,Anika Peri,1959-02-06,65,Male,Married,Gig Worker,994792.41,Warangal,Telangana,673293,JBBZO1213U,9515384952,benjamin61@example.net,Verified - Branch,15,Owned,2024-12-31
2000086,CIF0002000086,Gabriel Dugar,1999-12-11,25,Female,Divorced,Pensioner,12944893.78,Noida,Delhi,121507,GRSYR5734J,9102984022,jlal@example.com,Verified - CKYC,14,Owned,2024-12-31
2000087,CIF0002000087,Vivaan Parikh,1984-06-07,40,Male,Unmarried,Self Employed - Professional,4373731.65,Madurai,Tamil Nadu,581693,AEJAM7217K,9676855892,darpan27@example.com,Verified - CKYC,18,Owned,2024-12-31
2000088,CIF0002000088,Aradhana Ramanathan,1974-08-19,50,Male,Unmarried,Agriculturalist,12603282.29,Coimbatore,Tamil Nadu,148648,UIWBT1523S,9482434083,qkant@example.net,Verified - CKYC,20,Rented,2024-12-31
2000089,CIF0002000089,Aashi Kannan,1977-09-21,47,Male,Unmarried,Business Owner,13458204.54,Varanasi,Uttar Pradesh,450760,GDXCK4603Z,9590204531,nsaha@example.com,Verified - CKYC,28,Parental,2024-12-31
2000090,CIF0002000090,Wriddhish Nadig,1984-01-02,41,Male,Married,Self Employed - Non Professional,6355914.42,Varanasi,Uttar Pradesh,943167,WWCPP7938J,9292394064,mistryryan@example.com,Verified - Branch,28,Rented,2024-12-31
2000091,CIF0002000091,Chanakya Lanka,1986-09-25,38,Female,Married,Pensioner,12646783.42,Durgapur,West Bengal,336610,NCMMA3065A,9866323369,kalpitsridhar@example.org,Verified - Branch,0,Owned,2024-12-31
2000092,CIF0002000092,Rachit Kurian,1963-11-18,61,Male,Married,Contract Employee,10875106.26,Jodhpur,Rajasthan,819737,QPRBX9592Z,9493034684,aarini08@example.net,Verified - V-KYC,13,Owned,2024-12-31
2000093,CIF0002000093,Urishilla Wable,1973-12-20,51,Female,Married,Salaried - Government,5799989.88,Mangaluru,Karnataka,641866,NIOSW8598W,9147735409,upmakhatri@example.com,Verified - Branch,24,Parental,2024-12-31
2000094,CIF0002000094,Jagrati Toor,1997-12-13,27,Female,Married,Contract Employee,13500314.53,Warangal,Telangana,942746,NVPFO7151T,9646603870,wkari@example.net,Verified - CKYC,30,Company Provided,2024-12-31
2000095,CIF0002000095,Amrita Karnik,1967-05-23,57,Male,Unmarried,Self Employed - Non Professional,2132821.77,Mumbai,Maharashtra,263040,ETEBO5825R,9163522122,azaan77@example.com,Verified - CKYC,8,Owned,2024-12-31
2000096,CIF0002000096,Indali Ratta,1966-10-24,58,Female,Married,Salaried - Private Sector,10136118.73,Surat,Gujarat,871457,YWTBZ6896S,9773561227,kumeryahvi@example.com,Verified - Branch,4,Owned,2024-12-31
2000097,CIF0002000097,Utkarsh Dewan,1979-11-07,45,Female,Married,Salaried - Government,3746244.92,New Delhi,Delhi,852722,YSFDS9159L,9308266509,jagat35@example.net,Verified - CKYC,24,Rented,2024-12-31
2000098,CIF0002000098,Aradhana Amble,1992-06-29,32,Female,Married,Contract Employee,6918940.68,Lucknow,Uttar Pradesh,473145,IBGFR1941L,9527224321,yasti30@example.org,Pending,3,Rented,2024-12-31
2000099,CIF0002000099,Siya Bail,1961-05-16,63,Male,Unmarried,Salaried - Private Sector,12925737.01,Dwarka,Delhi,266850,RQZCR2212P,9724961011,rdevan@example.org,Verified - Branch,16,Owned,2024-12-31
2000100,CIF0002000100,Sachi Tiwari,1977-03-30,47,Female,Unmarried,Self Employed - Non Professional,14090623.39,Nagpur,Maharashtra,540191,VTVBK3657E,9622748935,qjohal@example.net,Verified - CKYC,1,Owned,2024-12-31
2000101,CIF0002000101,Aadhya Sehgal,1992-06-21,32,Female,Unmarried,Salaried - Government,8606479.77,Agra,Uttar Pradesh,943245,VXLTX7277H,9522749754,solankiveda@example.net,Verified - CKYC,1,Owned,2024-12-31
2000102,CIF0002000102,Ojasvi Loyal,1981-12-16,43,Male,Married,Salaried - Private Sector,4618236.91,Vadodara,Gujarat,733883,RLLZR4089W,9504724239,boasedalaja@example.com,Verified - CKYC,6,Owned,2024-12-31
2000103,CIF0002000103,Umang Shanker,1967-01-31,57,Male,Unmarried,Pensioner,14119674.53,Salem,Tamil Nadu,681755,LVCZG7732V,9846708348,oni54@example.org,Verified - CKYC,21,Owned,2024-12-31
2000104,CIF0002000104,Anjali Mane,1999-03-25,25,Female,Unmarried,Salaried - Government,9911263.23,Lucknow,Uttar Pradesh,698625,YPRCQ7677E,9833041703,vacharya@example.org,Verified - CKYC,7,Owned,2024-12-31
2000105,CIF0002000105,Kiaan Chaudhary,1967-01-08,58,Male,Married,Self Employed - Non Professional,3773375.92,Warangal,Telangana,312134,SZHLY6990V,9975353559,bajajliam@example.org,Verified - CKYC,22,Owned,2024-12-31
2000106,CIF0002000106,Suhani Hayre,1999-10-24,25,Female,Married,Pensioner,11965462.59,Hubli,Karnataka,520873,KJSJM7396W,9730100168,leelanori@example.net,Verified - Branch,23,Rented,2024-12-31
2000107,CIF0002000107,Max Din,1972-11-19,52,Female,Married,Gig Worker,5808739.58,Vadodara,Gujarat,946088,JGJMW7439M,9168270802,ghoshdominic@example.com,Verified - CKYC,28,Owned,2024-12-31
2000108,CIF0002000108,Gaurika Pingle,1985-10-17,39,Male,Married,Agriculturalist,8987654.86,Mysuru,Karnataka,438791,HASAI6019Q,9944527342,brahmbhattimaran@example.net,Pending,18,Owned,2024-12-31
2000109,CIF0002000109,Michael Tara,1971-04-21,53,Female,Married,Salaried - Government,4073542.92,Rajkot,Gujarat,503498,CXAWH4925L,9231576116,ndhawan@example.net,Pending,9,Owned,2024-12-31
2000110,CIF0002000110,Daksh Menon,1977-03-26,47,Female,Married,Agriculturalist,3393759.48,Surat,Gujarat,907738,UEKDU6061G,9591663969,hmukhopadhyay@example.org,Verified - CKYC,30,Parental,2024-12-31
2000111,CIF0002000111,Ridhi Gupta,1965-12-11,59,Female,Married,Gig Worker,4299067.67,Mumbai,Maharashtra,264016,MNJEY2300L,9324535804,chatura05@example.org,Verified - CKYC,21,Owned,2024-12-31
2000112,CIF0002000112,William Guha,1996-04-29,28,Female,Married,Salaried - Private Sector,10409534.59,Salem,Tamil Nadu,530883,GVQRB9146G,9955377778,nikitathaman@example.net,Verified - CKYC,23,Company Provided,2024-12-31
2000113,CIF0002000113,Shaurya Boase,1996-07-09,28,Male,Unmarried,Salaried - Private Sector,13884005.58,Noida,Delhi,759868,LPKIE8668A,9851904849,fgara@example.net,Verified - CKYC,4,Company Provided,2024-12-31
2000114,CIF0002000114,Gayathri Barman,1957-03-16,67,Male,Unmarried,Self Employed - Professional,1097803.2,Lucknow,Uttar Pradesh,295358,YJQRB1414E,9443370407,gardeqarin@example.com,Verified - CKYC,27,Parental,2024-12-31
2000115,CIF0002000115,Devika Saini,1957-05-17,67,Male,Unmarried,Salaried - Government,7476331.79,Mangaluru,Karnataka,272468,PFOUU4565Y,9137669367,yashawini22@example.org,Verified - CKYC,6,Owned,2024-12-31
2000116,CIF0002000116,Neelima Buch,1968-10-30,56,Male,Married,Pensioner,14499439.9,Nizamabad,Telangana,469359,NKXAQ8940Z,9988249691,sankarjairaj@example.com,Verified - Branch,21,Rented,2024-12-31
2000117,CIF0002000117,Benjamin Patla,1970-02-28,54,Female,Married,Pensioner,12810617.77,Dwarka,Delhi,824765,DSVFQ9555T,9844632154,gopalraval@example.com,Verified - Branch,25,Company Provided,2024-12-31
2000118,CIF0002000118,Garima Comar,1966-08-04,58,Female,Married,Gig Worker,2909070.78,Warangal,Telangana,736626,FLNZM2501B,9634545407,zrege@example.com,Verified - Branch,3,Rented,2024-12-31
2000119,CIF0002000119,Lucky Pathak,1989-03-11,35,Female,Married,Self Employed - Professional,10626574.25,Coimbatore,Tamil Nadu,616942,BADKJ4641R,9815348960,daniwishi@example.org,Verified - Branch,20,Owned,2024-12-31
2000120,CIF0002000120,Gavin Chaudhari,1991-02-11,33,Female,Married,Self Employed - Professional,13804282.59,Vadodara,Gujarat,633052,MITDF4550W,9118132628,baralanay@example.org,Verified - V-KYC,24,Rented,2024-12-31
2000121,CIF0002000121,Indira Sura,1986-01-19,38,Female,Married,Salaried - Private Sector,5730160.86,Surat,Gujarat,960936,ORTEV4016F,9763499893,hritikmody@example.com,Re-KYC Due,10,Owned,2024-12-31
2000122,CIF0002000122,Pahal Dalal,1976-09-24,48,Male,Married,Contract Employee,4223602.08,Nashik,Maharashtra,967878,VQSWG2879R,9353741044,samuel98@example.com,Verified - CKYC,21,Owned,2024-12-31
2000123,CIF0002000123,Omaja Kuruvilla,1965-12-12,59,Male,Married,Business Owner,9999876.54,Agra,Uttar Pradesh,340374,QIARF7313F,9713010554,ranveer77@example.org,Verified - Branch,15,Rented,2024-12-31
2000124,CIF0002000124,Darpan Ratti,1983-02-26,41,Female,Married,Agriculturalist,14663027.23,Jaipur,Rajasthan,380670,SUBIO3855U,9177331835,ramble@example.org,Verified - CKYC,24,Parental,2024-12-31
2000125,CIF0002000125,Tanmayi Ganesh,1993-06-03,31,Male,Married,Pensioner,12096220.75,Nizamabad,Telangana,163122,HOROJ4465S,9612347052,sankaramruta@example.org,Verified - Branch,25,Owned,2024-12-31
2000126,CIF0002000126,Timothy Malhotra,1993-12-27,31,Female,Married,Salaried - Government,14119115.39,Surat,Gujarat,699338,ZRBWM3227X,9361618173,bedilajita@example.net,Verified - Branch,13,Parental,2024-12-31
2000127,CIF0002000127,Aryan Kothari,1996-07-07,28,Male,Married,Contract Employee,3562104.15,Jalandhar,Punjab,936648,NQKON4532C,9746330426,doraakshay@example.net,Re-KYC Due,5,Owned,2024-12-31
2000128,CIF0002000128,Vamakshi Prasad,1996-04-20,28,Male,Unmarried,Self Employed - Non Professional,14117684.73,Jaipur,Rajasthan,818209,YSZNM9924N,9713821488,wishisha@example.com,Pending,22,Rented,2024-12-31
2000129,CIF0002000129,Manan Chacko,1963-03-24,61,Male,Married,Self Employed - Professional,1921244.58,New Delhi,Delhi,172617,QJIAN6486F,9477927960,sacharlohit@example.org,Verified - Branch,24,Owned,2024-12-31
2000130,CIF0002000130,Yoshita Upadhyay,1980-05-15,44,Male,Married,Agriculturalist,4675814.87,Udaipur,Rajasthan,671217,OLXMS1019E,9814447710,robertdash@example.net,Verified - Branch,15,Owned,2024-12-31
2000131,CIF0002000131,Chaman Nath,1995-05-21,29,Female,Married,Pensioner,611430.58,Jalandhar,Punjab,526462,YXCVK6694N,9362276388,pyogi@example.org,Verified - CKYC,22,Owned,2024-12-31
2000132,CIF0002000132,Anay Khalsa,1989-08-22,35,Female,Married,Agriculturalist,3434373.59,New Delhi,Delhi,315889,ZOQZL2800U,9153198929,cchawla@example.net,Verified - V-KYC,18,Rented,2024-12-31
2000133,CIF0002000133,Radhika Anand,1988-01-06,37,Female,Unmarried,Business Owner,13752537.28,Pune,Maharashtra,750919,JEEKF5910H,9700856380,enarain@example.com,Verified - Branch,24,Owned,2024-12-31
2000134,CIF0002000134,Triveni Contractor,1980-04-09,44,Male,Unmarried,Salaried - Government,11900601.95,Udaipur,Rajasthan,420185,KLHIG5786X,9757115733,ryanraghavan@example.com,Verified - CKYC,18,Parental,2024-12-31
2000135,CIF0002000135,Laksh Mangat,1976-10-01,48,Male,Married,Gig Worker,2669499.8,Ludhiana,Punjab,335435,VYGPH5417N,9151264978,tbath@example.org,Verified - V-KYC,16,Owned,2024-12-31
2000136,CIF0002000136,Charita Bhatt,1974-08-09,50,Male,Married,Salaried - Private Sector,14965870.64,Jalandhar,Punjab,897178,ZRNUN5417D,9713114047,arin01@example.com,Verified - CKYC,1,Rented,2024-12-31
2000137,CIF0002000137,Rehaan Bahl,1958-11-21,66,Male,Unmarried,Self Employed - Professional,12904055.41,Mangaluru,Karnataka,231765,MHWJH7763L,9140042366,veda64@example.net,Verified - CKYC,1,Owned,2024-12-31
2000138,CIF0002000138,Libni Soni,1982-04-23,42,Female,Unmarried,Salaried - Government,2149043.05,Jalandhar,Punjab,220375,JBSFB1448E,9319086451,ldyal@example.net,Verified - Branch,14,Owned,2024-12-31
2000139,CIF0002000139,Ekta Mallick,1990-02-18,34,Male,Married,Self Employed - Non Professional,14172401.68,Udaipur,Rajasthan,373774,EPQVZ8049Z,9857864453,waidaprabhu@example.net,Verified - CKYC,9,Owned,2024-12-31
2000140,CIF0002000140,Rachana Kadakia,1989-10-19,35,Female,Married,Agriculturalist,2464661.39,Karimnagar,Telangana,803330,FBYOB4353J,9895494178,sahaarunima@example.net,Verified - CKYC,27,Owned,2024-12-31
2000141,CIF0002000141,Nisha Chada,1981-04-06,43,Female,Married,Agriculturalist,11747692.55,Rajkot,Gujarat,666516,EKRAG8385W,9992488956,shankerojasvi@example.org,Verified - CKYC,17,Rented,2024-12-31
2000142,CIF0002000142,Ansh Minhas,1980-03-04,44,Female,Married,Business Owner,2922255.86,Warangal,Telangana,139363,JPBXQ8983O,9424375336,iluthra@example.net,Verified - CKYC,10,Owned,2024-12-31
2000143,CIF0002000143,Ridhi Kota,1959-03-18,65,Female,Unmarried,Self Employed - Professional,3080678.46,Rohini,Delhi,239960,EVPHK3968O,9658682859,lilaamble@example.com,Re-KYC Due,19,Rented,2024-12-31
2000144,CIF0002000144,Gaurav Sehgal,1956-06-16,68,Male,Married,Contract Employee,6681681.33,Pune,Maharashtra,869721,DKZFW4763A,9843306376,ati18@example.org,Verified - CKYC,28,Owned,2024-12-31
2000145,CIF0002000145,Vanya Chauhan,1955-12-17,69,Female,Married,Business Owner,9669313.55,Durgapur,West Bengal,320839,LLUPJ6164H,9160183273,ramanleela@example.org,Verified - CKYC,28,Owned,2024-12-31
2000146,CIF0002000146,Vedant Kota,1998-09-30,26,Male,Married,Salaried - Private Sector,1472100.65,Rohini,Delhi,852562,EAHXU1764E,9275067445,gauri86@example.net,Re-KYC Due,21,Rented,2024-12-31
2000147,CIF0002000147,Aradhana Bassi,1988-06-28,36,Female,Divorced,Contract Employee,9675833.53,Ahmedabad,Gujarat,824549,BVSXG9953O,9631708622,lavanyasabharwal@example.net,Verified - CKYC,8,Owned,2024-12-31
2000148,CIF0002000148,Krisha Halder,1978-08-29,46,Female,Married,Pensioner,7646144.03,Ludhiana,Punjab,167202,BJONX3524Z,9293143303,ckota@example.org,Verified - CKYC,19,Owned,2024-12-31
2000149,CIF0002000149,Bimala Aurora,1989-07-25,35,Male,Married,Contract Employee,8652242.95,Chandigarh,Punjab,180015,KNSXS3415H,9953011821,warriorsathvik@example.org,Verified - CKYC,4,Owned,2024-12-31
2000150,CIF0002000150,Chatresh Chawla,1996-01-30,28,Female,Widowed,Salaried - Government,6881689.32,Mumbai,Maharashtra,151887,ZBSZO1819V,9985170391,munshiprisha@example.com,Verified - CKYC,22,Owned,2024-12-31
2000151,CIF0002000151,Siddharth Kaur,1986-08-17,38,Female,Unmarried,Contract Employee,1638112.1,Dwarka,Delhi,284028,CZQSE6215X,9252584053,aarush91@example.org,Pending,30,Owned,2024-12-31
2000152,CIF0002000152,Jonathan Sabharwal,1974-10-07,50,Male,Unmarried,Business Owner,8915606.79,Surat,Gujarat,777431,OEAWD2851M,9510706397,chanayamini@example.com,Verified - Branch,6,Parental,2024-12-31
2000153,CIF0002000153,Pratyush Buch,1973-02-25,51,Male,Married,Pensioner,294744.32,Pune,Maharashtra,587194,ZHLXA9228Q,9122344090,ydua@example.net,Verified - Branch,0,Company Provided,2024-12-31
2000154,CIF0002000154,William Ramesh,1986-05-05,38,Female,Married,Agriculturalist,9563753.26,Jalandhar,Punjab,319365,BTIUL5216T,9271753941,champakkarpe@example.net,Pending,19,Rented,2024-12-31
2000155,CIF0002000155,Tripti Sibal,1979-01-17,45,Male,Married,Agriculturalist,5317430.47,Jodhpur,Rajasthan,187781,EXMUE6876S,9252213519,gabrieldasgupta@example.net,Verified - Branch,4,Owned,2024-12-31
2000156,CIF0002000156,Tanmayi Oak,1968-07-15,56,Male,Married,Pensioner,11390868.48,Warangal,Telangana,835189,PDIWY7725G,9724451362,alexanderbandi@example.com,Verified - CKYC,13,Owned,2024-12-31
2000157,CIF0002000157,Eshana Balakrishnan,1970-06-18,54,Male,Married,Gig Worker,522769.53,Salem,Tamil Nadu,801311,VSRYB7176C,9691873162,wakeetavenkatesh@example.com,Verified - CKYC,6,Owned,2024-12-31
2000158,CIF0002000158,Garima Chahal,1958-08-18,66,Male,Unmarried,Salaried - Government,14252381.4,Mysuru,Karnataka,281294,BOWFW2052U,9939785263,charannarayanan@example.com,Verified - CKYC,23,Owned,2024-12-31
2000159,CIF0002000159,Jonathan Jain,1968-10-13,56,Female,Married,Pensioner,4020700.89,Hubli,Karnataka,663330,WONZH1138D,9162800627,jeremiahmandal@example.com,Verified - CKYC,9,Rented,2024-12-31
2000160,CIF0002000160,Omisha Hora,1989-10-31,35,Female,Married,Agriculturalist,9610551.53,Mumbai,Maharashtra,395456,EYXMQ8871H,9528740584,prabhudominic@example.net,Verified - Branch,24,Rented,2024-12-31
2000161,CIF0002000161,Oeshi Dhingra,1966-08-07,58,Male,Married,Business Owner,10389833.89,Jalandhar,Punjab,147680,FRCDY3372F,9405288540,dassai@example.net,Verified - CKYC,8,Rented,2024-12-31
2000162,CIF0002000162,Priya Sethi,1998-07-26,26,Female,Married,Agriculturalist,8871337.4,Hubli,Karnataka,722918,YXOWW2475P,9758167504,vohragagan@example.com,Verified - CKYC,22,Rented,2024-12-31
2000163,CIF0002000163,Warinder Sawhney,1964-12-12,60,Male,Married,Self Employed - Non Professional,11250176.65,Coimbatore,Tamil Nadu,665435,TAFLK3754W,9461486522,dasteerth@example.net,Verified - CKYC,12,Owned,2024-12-31
2000164,CIF0002000164,Gavin Halder,1983-11-13,41,Female,Divorced,Gig Worker,10373993.45,Bengaluru,Karnataka,538231,QIEGN4849R,9970070946,samuel77@example.net,Verified - V-KYC,21,Rented,2024-12-31
2000165,CIF0002000165,Odika Kashyap,1960-05-08,64,Male,Married,Self Employed - Non Professional,13244370.29,Amritsar,Punjab,625967,LNLVT4998H,9754353069,mvohra@example.net,Verified - Branch,21,Rented,2024-12-31
2000166,CIF0002000166,Girik Shroff,1998-05-23,26,Female,Unmarried,Self Employed - Professional,6037023.01,Dwarka,Delhi,209843,KTNQW9885Z,9366107754,jainedhitha@example.net,Verified - CKYC,9,Parental,2024-12-31
2000167,CIF0002000167,Gopal Ramaswamy,1961-09-03,63,Female,Unmarried,Self Employed - Non Professional,5317994.92,Bengaluru,Karnataka,295910,ERUFF3496D,9595087968,wkumer@example.com,Verified - Branch,23,Company Provided,2024-12-31
2000168,CIF0002000168,Manthan Chatterjee,1984-03-10,40,Male,Unmarried,Agriculturalist,11362102.65,Varanasi,Uttar Pradesh,858489,STYAY8901P,9497535805,zbaral@example.com,Verified - Branch,5,Owned,2024-12-31
2000169,CIF0002000169,Darika Krishnamurthy,1978-11-25,46,Female,Unmarried,Pensioner,14552662.35,Lucknow,Uttar Pradesh,539352,GBDPY2913O,9722292864,tripti95@example.net,Verified - Branch,20,Owned,2024-12-31
2000170,CIF0002000170,Hardik Natarajan,1999-08-19,25,Male,Divorced,Agriculturalist,8063934.71,Vadodara,Gujarat,900817,ERZVD7402M,9283411133,oshashanker@example.org,Verified - V-KYC,11,Rented,2024-12-31
2000171,CIF0002000171,Triveni Rout,1984-01-15,40,Male,Married,Agriculturalist,9468725.74,Mysuru,Karnataka,109471,LINOY6626K,9920334754,sameshdeol@example.org,Verified - CKYC,9,Company Provided,2024-12-31
2000172,CIF0002000172,Patrick Sampath,1994-12-05,30,Female,Married,Agriculturalist,7328336.48,Amritsar,Punjab,689756,GMTKP5989C,9104130943,panini58@example.com,Verified - V-KYC,19,Rented,2024-12-31
2000173,CIF0002000173,Amrita Jain,1986-07-29,38,Female,Married,Business Owner,1794663.08,Durgapur,West Bengal,584487,RWHHY4170Z,9360416611,hema22@example.net,Verified - CKYC,14,Rented,2024-12-31
2000174,CIF0002000174,Warinder Varma,1990-10-07,34,Male,Married,Self Employed - Professional,9983674.37,Warangal,Telangana,639775,TNNZH9744A,9965654456,omisha74@example.org,Verified - CKYC,0,Owned,2024-12-31
2000175,CIF0002000175,Sathvik Wali,1957-10-25,67,Female,Married,Gig Worker,12523429.66,Chennai,Tamil Nadu,475987,EDLKH2002A,9658435365,pushti82@example.net,Verified - CKYC,7,Owned,2024-12-31
2000176,CIF0002000176,Bhavani Loke,1958-09-10,66,Female,Unmarried,Salaried - Government,8353583.32,Kanpur,Uttar Pradesh,536201,IHVOQ8761I,9354006948,nbutala@example.com,Verified - CKYC,29,Parental,2024-12-31
2000177,CIF0002000177,Sanya Golla,1959-03-29,65,Female,Unmarried,Pensioner,9718333.77,Hyderabad,Telangana,118127,ABIKR2668S,9483794405,mitalikashyap@example.net,Verified - CKYC,3,Rented,2024-12-31
2000178,CIF0002000178,Ansh Mane,1994-04-27,30,Female,Unmarried,Salaried - Private Sector,9845980.09,Ludhiana,Punjab,656604,ZRXHL1848Q,9606917907,vermazaitra@example.org,Verified - CKYC,28,Rented,2024-12-31
2000179,CIF0002000179,Vritti Misra,1965-02-19,59,Male,Divorced,Self Employed - Professional,9069620.36,Mumbai,Maharashtra,145367,QFJRB5446J,9522404300,badamidayamai@example.com,Verified - CKYC,21,Owned,2024-12-31
2000180,CIF0002000180,Krish Pillai,1988-07-28,36,Female,Married,Contract Employee,2157474.03,Kota,Rajasthan,546137,EYJUD6301L,9924760857,gabrielsingh@example.com,Verified - CKYC,30,Company Provided,2024-12-31
2000181,CIF0002000181,Gabriel Wagle,1984-10-06,40,Male,Unmarried,Business Owner,8172815.74,Bengaluru,Karnataka,817995,GYQHU5237P,9943389163,lsengupta@example.net,Verified - CKYC,19,Owned,2024-12-31
2000182,CIF0002000182,Yauvani Merchant,1970-04-26,54,Male,Unmarried,Self Employed - Non Professional,1632215.43,Udaipur,Rajasthan,835593,CVGFA2340E,9990024026,sdhar@example.net,Verified - Branch,19,Owned,2024-12-31
2000183,CIF0002000183,Gaurangi Wadhwa,1966-06-17,58,Female,Married,Contract Employee,7480443.77,Noida,Delhi,546272,RYYBS8738H,9929359146,balihemani@example.net,Verified - CKYC,20,Rented,2024-12-31
2000184,CIF0002000184,Jack Bhatnagar,1983-10-19,41,Female,Married,Pensioner,1628878.87,Rohini,Delhi,221274,SIIER3790V,9639401811,rachita19@example.net,Verified - CKYC,11,Rented,2024-12-31
2000185,CIF0002000185,Urvi Sharaf,1959-11-29,65,Male,Married,Contract Employee,3547177.64,Kolkata,West Bengal,483906,IBWBI2519I,9785722215,ronith16@example.net,Verified - CKYC,24,Owned,2024-12-31
2000186,CIF0002000186,Girik Tiwari,1965-01-22,59,Male,Unmarried,Self Employed - Non Professional,665307.72,Durgapur,West Bengal,342606,VVDPS8527G,9624340765,xmadan@example.net,Verified - V-KYC,0,Owned,2024-12-31
2000187,CIF0002000187,Eta Oommen,1992-10-17,32,Female,Married,Gig Worker,8080024.66,Mysuru,Karnataka,283587,CURGQ3985N,9971969694,gunbir61@example.net,Pending,2,Owned,2024-12-31
2000188,CIF0002000188,Vrinda Dave,1997-08-19,27,Male,Unmarried,Agriculturalist,4981515.19,Salem,Tamil Nadu,792997,FHOER6135F,9328392282,rdube@example.com,Pending,23,Owned,2024-12-31
2000189,CIF0002000189,Eta Vasa,1964-02-09,60,Male,Unmarried,Contract Employee,11165524.54,Lucknow,Uttar Pradesh,270483,NWJRE5574M,9736181145,paniniratti@example.org,Verified - Branch,18,Parental,2024-12-31
2000190,CIF0002000190,Vedant Deol,1973-10-31,51,Female,Married,Salaried - Private Sector,10379666.72,Surat,Gujarat,217614,VDPGJ8045I,9151780354,ysalvi@example.org,Verified - V-KYC,17,Owned,2024-12-31
2000191,CIF0002000191,Jasmit Saini,1975-12-28,49,Male,Unmarried,Self Employed - Professional,9800200.34,New Delhi,Delhi,508800,VRICC7710V,9397357066,slanka@example.org,Verified - Branch,16,Rented,2024-12-31
2000192,CIF0002000192,Naksh Devi,1988-04-04,36,Female,Married,Gig Worker,2001105.96,Rajkot,Gujarat,643490,LOWVX6383U,9896606119,gandhichristopher@example.net,Verified - CKYC,18,Owned,2024-12-31
2000193,CIF0002000193,Xavier Walia,1994-07-29,30,Male,Married,Contract Employee,13492859.65,Chennai,Tamil Nadu,584570,TMORR2212E,9115449752,pillaiupma@example.org,Pending,24,Rented,2024-12-31
2000194,CIF0002000194,Simon Devan,1984-06-28,40,Other,Widowed,Salaried - Government,1355042.63,Vadodara,Gujarat,861391,VUUFM3619Q,9333686812,yagneshthakur@example.com,Verified - V-KYC,6,Rented,2024-12-31
2000195,CIF0002000195,Elijah Lall,1965-03-27,59,Female,Married,Salaried - Private Sector,13326118.54,Karimnagar,Telangana,123764,UPPZV2307I,9892301737,nbala@example.com,Verified - Branch,21,Parental,2024-12-31
2000196,CIF0002000196,Eesha Ramachandran,1964-06-14,60,Male,Unmarried,Pensioner,1450722.41,Ludhiana,Punjab,969331,LPJDW7929S,9805440814,osachar@example.com,Verified - CKYC,16,Rented,2024-12-31
2000197,CIF0002000197,Hemal Gupta,1956-01-25,68,Female,Unmarried,Salaried - Government,275276.27,Nashik,Maharashtra,999310,TRFRA2991D,9671915981,finnhayer@example.org,Verified - CKYC,18,Parental,2024-12-31
2000198,CIF0002000198,Manthan Vala,1983-04-10,41,Female,Unmarried,Salaried - Government,755621.49,Surat,Gujarat,443660,JGLOR6375R,9165494534,idikakalla@example.org,Verified - Branch,9,Owned,2024-12-31
2000199,CIF0002000199,Leena Kar,1990-12-05,34,Male,Unmarried,Salaried - Government,3349450.43,Howrah,West Bengal,465616,BISUM7211Y,9647240037,zehaan47@example.org,Verified - Branch,12,Rented,2024-12-31
2000200,CIF0002000200,Qarin Varughese,1976-09-16,48,Male,Divorced,Contract Employee,10025007.88,Rohini,Delhi,190123,UBAII8048C,9798642489,singhalraksha@example.org,Verified - CKYC,12,Company Provided,2024-12-31
2000201,CIF0002000201,Kamya Thaman,1971-09-06,53,Male,Married,Self Employed - Non Professional,7136467.42,Noida,Delhi,290537,JUDJG1697V,9590631012,labankamdar@example.com,Verified - CKYC,5,Rented,2024-12-31
2000202,CIF0002000202,Mugdha Master,1991-10-09,33,Male,Unmarried,Agriculturalist,1258965.77,Kota,Rajasthan,209935,AXHNJ5176I,9769426316,balajanani@example.com,Re-KYC Due,14,Parental,2024-12-31
2000203,CIF0002000203,Elijah Mody,1985-01-12,39,Male,Unmarried,Gig Worker,138189.58,Warangal,Telangana,614237,NVXKG7116D,9329773464,samesh07@example.org,Verified - CKYC,4,Rented,2024-12-31
2000204,CIF0002000204,Dayita Kuruvilla,1967-01-19,57,Male,Married,Pensioner,11938394.3,Noida,Delhi,122657,YNCQR8426D,9717771418,kai28@example.net,Verified - CKYC,25,Owned,2024-12-31
2000205,CIF0002000205,Warhi Sharma,1978-05-03,46,Male,Married,Business Owner,14084649.06,Siliguri,West Bengal,633879,SWRPZ1058S,9587848958,rsavant@example.com,Verified - Branch,27,Owned,2024-12-31
2000206,CIF0002000206,Kritika Chawla,1976-04-10,48,Male,Unmarried,Salaried - Private Sector,9670036.01,Hyderabad,Telangana,545454,VTNXD9043D,9965483263,pahaldasgupta@example.org,Verified - V-KYC,17,Parental,2024-12-31
2000207,CIF0002000207,Balvan Gopal,1979-04-24,45,Male,Married,Contract Employee,3178530.85,Mangaluru,Karnataka,592718,UTAHF9255Y,9575868914,gulatidarpan@example.org,Verified - V-KYC,11,Parental,2024-12-31
2000208,CIF0002000208,Ojas Choudhary,1974-03-29,50,Male,Unmarried,Pensioner,2991860.62,Dwarka,Delhi,966023,KTLVC1138T,9783882905,ishanvi45@example.com,Verified - Branch,0,Owned,2024-12-31
2000209,CIF0002000209,Vasatika Devi,1966-12-15,58,Female,Married,Pensioner,6819128.47,Salem,Tamil Nadu,240457,JUZYB3791H,9107862802,devikachoudhary@example.com,Verified - CKYC,8,Owned,2024-12-31
2000210,CIF0002000210,Benjamin Mody,1979-05-31,45,Female,Unmarried,Business Owner,1590005.36,Nashik,Maharashtra,765103,CFHZG2233B,9255094339,wswaminathan@example.org,Verified - CKYC,8,Rented,2024-12-31
2000211,CIF0002000211,Matthew Jhaveri,1997-08-01,27,Male,Widowed,Business Owner,11926549.73,Kolkata,West Bengal,294534,DKGYK4003F,9410969170,ojasvikapadia@example.com,Verified - CKYC,26,Company Provided,2024-12-31
2000212,CIF0002000212,Elijah Oak,1992-08-10,32,Male,Married,Salaried - Private Sector,7186380.18,Dwarka,Delhi,256562,CNQAH9615N,9686429833,robertghose@example.net,Verified - CKYC,22,Rented,2024-12-31
2000213,CIF0002000213,Thomas Bajaj,1958-02-25,66,Female,Married,Gig Worker,8800878.75,Pune,Maharashtra,110461,AIUKU3220C,9463959990,anita08@example.net,Verified - CKYC,19,Owned,2024-12-31
2000214,CIF0002000214,Tanveer Guha,1999-05-27,25,Female,Married,Salaried - Private Sector,9856705.62,Mumbai,Maharashtra,280003,GIUZA8559G,9272064671,qgandhi@example.net,Verified - CKYC,6,Rented,2024-12-31
2000215,CIF0002000215,Eta Sachar,1997-05-26,27,Female,Unmarried,Business Owner,11183004.9,Jaipur,Rajasthan,930836,WRMEA5159K,9220124502,saksham51@example.com,Re-KYC Due,3,Rented,2024-12-31
2000216,CIF0002000216,Ucchal Babu,1997-07-09,27,Female,Married,Self Employed - Professional,2852966.83,Lucknow,Uttar Pradesh,251230,VLHKZ3370H,9199689379,nkapur@example.net,Verified - V-KYC,0,Owned,2024-12-31
2000217,CIF0002000217,Vamakshi Lala,1979-03-19,45,Female,Married,Contract Employee,13263532.72,Coimbatore,Tamil Nadu,494083,TDTYS5449J,9762524552,aggarwalchatura@example.net,Verified - CKYC,21,Owned,2024-12-31
2000218,CIF0002000218,Tristan Shere,1963-06-20,61,Female,Widowed,Self Employed - Professional,4142784.07,Nizamabad,Telangana,461702,FDKQP5916X,9988157617,mjaggi@example.com,Verified - V-KYC,18,Rented,2024-12-31
2000219,CIF0002000219,Urvashi Deo,1958-04-29,66,Female,Married,Agriculturalist,14901311.71,Mangaluru,Karnataka,837273,DCRIY2489F,9406591696,sarthak39@example.org,Verified - Branch,25,Rented,2024-12-31
2000220,CIF0002000220,Yashawini Murthy,1997-12-20,27,Male,Married,Salaried - Private Sector,7562974.33,Udaipur,Rajasthan,382312,OUXNK4504O,9434966161,wadhwariya@example.org,Verified - CKYC,0,Rented,2024-12-31
2000221,CIF0002000221,Kiaan Merchant,1962-12-12,62,Male,Married,Agriculturalist,8620655.39,Noida,Delhi,861370,ZCAHW3140C,9920436780,battameera@example.com,Verified - V-KYC,26,Rented,2024-12-31
2000222,CIF0002000222,Lakshit Chakrabarti,1966-06-21,58,Male,Divorced,Gig Worker,2466878.6,Noida,Delhi,334882,VUZHG8160I,9716418273,raghavghose@example.com,Re-KYC Due,13,Owned,2024-12-31
2000223,CIF0002000223,Sathvik Kapoor,1968-04-12,56,Female,Married,Salaried - Private Sector,5466080.7,Jodhpur,Rajasthan,444827,SABET9055V,9101599970,asrinivasan@example.com,Verified - Branch,24,Owned,2024-12-31
2000224,CIF0002000224,Amaira Deol,1956-08-18,68,Female,Married,Salaried - Private Sector,7800430.65,Mumbai,Maharashtra,699509,OJUTZ8429H,9924760361,zayyanoak@example.com,Verified - Branch,2,Owned,2024-12-31
2000225,CIF0002000225,Ekanta Nagi,1955-03-28,69,Male,Married,Contract Employee,11163408.63,Mangaluru,Karnataka,710242,AYWJT3494H,9822901108,lprasad@example.net,Verified - V-KYC,24,Rented,2024-12-31
2000226,CIF0002000226,Arunima Mody,1989-10-29,35,Male,Widowed,Agriculturalist,3764764.49,Kolkata,West Bengal,153123,AUIOV2346R,9124757978,samesh15@example.com,Pending,26,Company Provided,2024-12-31
2000227,CIF0002000227,Gaurang Dhar,1974-08-29,50,Male,Married,Salaried - Government,9972833.69,Chandigarh,Punjab,682270,GDCVY2351D,9793381428,sai66@example.com,Verified - CKYC,8,Owned,2024-12-31
2000228,CIF0002000228,Naveen Iyer,1968-06-18,56,Male,Married,Agriculturalist,6237403.26,Madurai,Tamil Nadu,568165,ZEGWA6947G,9445370822,bumbtara@example.org,Verified - CKYC,18,Rented,2024-12-31
2000229,CIF0002000229,Advik Randhawa,1979-07-10,45,Female,Unmarried,Self Employed - Professional,10630338.73,Vadodara,Gujarat,665260,WLDBB3260I,9198357064,charita87@example.net,Verified - V-KYC,4,Parental,2024-12-31
2000230,CIF0002000230,Upadhriti Prasad,1980-12-04,44,Male,Unmarried,Self Employed - Professional,7077426.54,Noida,Delhi,928027,ZDXDN9205C,9484948257,hgopal@example.net,Verified - V-KYC,6,Owned,2024-12-31
2000231,CIF0002000231,Jagvi Deo,1985-11-25,39,Female,Married,Salaried - Government,10336885.31,Coimbatore,Tamil Nadu,172816,ZAHEC3285R,9774676863,praneel27@example.net,Verified - CKYC,20,Parental,2024-12-31
2000232,CIF0002000232,Max Wali,1980-09-25,44,Male,Married,Salaried - Private Sector,920277.74,Hyderabad,Telangana,233994,RXCAM3832H,9702967881,mmukherjee@example.org,Verified - CKYC,4,Rented,2024-12-31
2000233,CIF0002000233,Chanchal Dua,1970-10-08,54,Male,Married,Business Owner,14203977.98,Mumbai,Maharashtra,850078,FXOZQ2124L,9501859971,chandani01@example.net,Verified - CKYC,23,Owned,2024-12-31
2000234,CIF0002000234,Lakshit Yadav,1978-03-13,46,Male,Married,Business Owner,5816351.98,Warangal,Telangana,126375,ISZHE3364O,9214966531,jshankar@example.org,Verified - V-KYC,10,Owned,2024-12-31
2000235,CIF0002000235,Ekbal Chahal,1973-05-22,51,Male,Married,Self Employed - Professional,2548146.68,Karimnagar,Telangana,433290,ZIVGJ7911C,9912674707,aarinitalwar@example.net,Verified - CKYC,21,Owned,2024-12-31
2000236,CIF0002000236,Avi Ahuja,1990-05-15,34,Female,Divorced,Self Employed - Professional,4227801.73,Howrah,West Bengal,180308,LAKKV6752W,9767224411,ashetty@example.org,Verified - Branch,28,Parental,2024-12-31
2000237,CIF0002000237,Onkar Bajwa,1979-03-09,45,Male,Married,Agriculturalist,14627512.32,Varanasi,Uttar Pradesh,214140,UHMCE1984U,9965732675,divanraagini@example.com,Verified - V-KYC,16,Rented,2024-12-31
2000238,CIF0002000238,Ria Vyas,1966-04-07,58,Female,Married,Salaried - Government,2364140.44,Surat,Gujarat,452613,GWVHH7869X,9948932397,samaksh03@example.com,Verified - V-KYC,26,Owned,2024-12-31
2000239,CIF0002000239,George Lad,1987-01-08,38,Female,Unmarried,Salaried - Government,10098239.56,Warangal,Telangana,742209,GUAKR5637U,9629416590,thakerurishilla@example.org,Verified - Branch,17,Rented,2024-12-31
2000240,CIF0002000240,Sanya Dass,1996-08-04,28,Female,Married,Self Employed - Professional,10893352.93,Kanpur,Uttar Pradesh,653894,GWLHI5710Q,9654928234,chaudryurishilla@example.com,Verified - CKYC,25,Owned,2024-12-31
2000241,CIF0002000241,Anay Kuruvilla,1991-05-08,33,Male,Unmarried,Pensioner,4747711.02,Nashik,Maharashtra,788402,GUJCC1716F,9905039950,wkhatri@example.net,Verified - CKYC,25,Rented,2024-12-31
2000242,CIF0002000242,Ria Nigam,1965-08-17,59,Male,Unmarried,Gig Worker,5849552.3,New Delhi,Delhi,161293,SBPYL4927P,9317578493,leena03@example.org,Verified - CKYC,22,Owned,2024-12-31
2000243,CIF0002000243,Bina Kashyap,1959-06-10,65,Male,Unmarried,Contract Employee,11243373.44,Jalandhar,Punjab,718338,CUAAH8779D,9983298323,gagan75@example.net,Verified - CKYC,20,Rented,2024-12-31
2000244,CIF0002000244,Balhaar Anand,1989-10-21,35,Male,Married,Business Owner,12699566.94,Mumbai,Maharashtra,767033,WEZJS1834X,9601071639,vritti76@example.net,Verified - Branch,10,Company Provided,2024-12-31
2000245,CIF0002000245,Anamika Chana,1961-11-29,63,Female,Married,Contract Employee,7896083.24,Mumbai,Maharashtra,103631,FLFNS1370P,9606455944,nbrahmbhatt@example.net,Verified - CKYC,14,Rented,2024-12-31
2000246,CIF0002000246,Naveen Chander,1996-12-24,28,Male,Married,Agriculturalist,3859555.47,Pune,Maharashtra,614232,CKLON8700E,9932036025,sharafikbal@example.org,Verified - CKYC,6,Rented,2024-12-31
2000247,CIF0002000247,Vanya Choudhry,1995-02-20,29,Male,Unmarried,Gig Worker,5571085.69,New Delhi,Delhi,468991,WOCXE5698R,9599850534,syadav@example.org,Verified - Branch,16,Owned,2024-12-31
2000248,CIF0002000248,Nisha Bal,1981-04-20,43,Female,Unmarried,Agriculturalist,9084676.56,Madurai,Tamil Nadu,900502,FTFKE2991M,9510627526,doctormeghana@example.org,Verified - V-KYC,27,Rented,2024-12-31
2000249,CIF0002000249,Ranbir Tripathi,1956-10-14,68,Female,Widowed,Pensioner,10491084.09,Kota,Rajasthan,248937,KLRBQ2939H,9196038353,jackson10@example.com,Verified - CKYC,23,Owned,2024-12-31
2000250,CIF0002000250,Krisha Boase,1968-01-10,57,Male,Unmarried,Business Owner,12746195.19,Udaipur,Rajasthan,836956,KAYFJ9563Y,9903220734,xkadakia@example.org,Verified - V-KYC,19,Rented,2024-12-31
2000251,CIF0002000251,Ekani Magar,1980-11-20,44,Male,Unmarried,Salaried - Government,12233025.7,Dwarka,Delhi,431761,OHBAH2755X,9345492984,daveupadhriti@example.org,Verified - CKYC,3,Owned,2024-12-31
2000252,CIF0002000252,Atharv Boase,1997-09-23,27,Female,Married,Pensioner,3582167.46,Mangaluru,Karnataka,676665,STSZS7623W,9197404735,anthonytiwari@example.org,Verified - CKYC,10,Owned,2024-12-31
2000253,CIF0002000253,Xiti Sundaram,1999-09-27,25,Male,Married,Pensioner,4895760.05,Hubli,Karnataka,902075,KTENV7954D,9219364759,xrama@example.org,Verified - CKYC,24,Owned,2024-12-31
2000254,CIF0002000254,Darsh Vohra,1984-07-24,40,Male,Married,Salaried - Private Sector,11464917.19,Siliguri,West Bengal,951546,UDPTM2613K,9742696676,yug87@example.org,Verified - CKYC,7,Rented,2024-12-31
2000255,CIF0002000255,Chasmum Dua,1981-07-10,43,Male,Married,Pensioner,1082108.89,Pune,Maharashtra,206688,ULTZU7927Y,9129330836,pkibe@example.org,Verified - CKYC,1,Company Provided,2024-12-31
2000256,CIF0002000256,Vedika Dutt,1987-06-12,37,Female,Married,Salaried - Government,7361738.58,Kolkata,West Bengal,421803,JGQNQ4766P,9345104026,triveniraj@example.net,Verified - V-KYC,24,Owned,2024-12-31
2000257,CIF0002000257,Advaith Patil,1961-07-16,63,Female,Married,Agriculturalist,10316537.67,Durgapur,West Bengal,522394,VNILE1816F,9258377529,emani@example.net,Verified - Branch,5,Rented,2024-12-31
2000258,CIF0002000258,Nachiket Lata,1995-04-03,29,Male,Married,Self Employed - Non Professional,14153017.47,Ahmedabad,Gujarat,318361,KGAQJ4389E,9880212094,riyawable@example.org,Verified - V-KYC,29,Owned,2024-12-31
2000259,CIF0002000259,Amara Jaggi,1987-02-17,37,Female,Unmarried,Business Owner,7813145.65,Jodhpur,Rajasthan,648736,PFNSV1853N,9522393200,vyadav@example.org,Verified - V-KYC,7,Owned,2024-12-31
2000260,CIF0002000260,Mohammed Sami,1976-02-10,48,Male,Married,Salaried - Government,14360057.25,Nizamabad,Telangana,443274,GJANV3372P,9740144677,triya56@example.net,Verified - Branch,13,Parental,2024-12-31
2000261,CIF0002000261,Gautam Chaudhary,1972-03-18,52,Female,Married,Self Employed - Professional,6612652.77,Nagpur,Maharashtra,180713,RTKBM8591P,9729960600,ilad@example.com,Verified - Branch,0,Owned,2024-12-31
2000262,CIF0002000262,Liam Deol,1968-03-15,56,Male,Married,Self Employed - Professional,7294322.55,Agra,Uttar Pradesh,211586,VMWTD4379F,9917736787,mallickadya@example.org,Verified - CKYC,14,Company Provided,2024-12-31
2000263,CIF0002000263,Bhavya Chandran,1965-10-29,59,Male,Married,Gig Worker,6133726.92,Siliguri,West Bengal,680343,ZCEUE9899L,9349847869,pdani@example.com,Verified - CKYC,5,Parental,2024-12-31
2000264,CIF0002000264,Hamsini Tiwari,1973-08-07,51,Other,Unmarried,Self Employed - Professional,10217690.97,Jaipur,Rajasthan,381686,PUEXT1227D,9631991459,zashil74@example.com,Verified - Branch,1,Owned,2024-12-31
2000265,CIF0002000265,Megha Desai,1995-06-04,29,Male,Unmarried,Pensioner,10316533.18,Mumbai,Maharashtra,134496,MXAFZ7554G,9412679306,amara17@example.org,Verified - V-KYC,6,Owned,2024-12-31
2000266,CIF0002000266,Falan Saraf,1977-10-08,47,Male,Married,Self Employed - Non Professional,13748291.28,Howrah,West Bengal,105588,XJFCV3619S,9679746759,edwindalaja@example.org,Verified - CKYC,18,Owned,2024-12-31
2000267,CIF0002000267,Netra Bera,1978-05-03,46,Female,Married,Self Employed - Non Professional,2013041.93,Udaipur,Rajasthan,834752,BWQPZ6325D,9269655154,mchadha@example.com,Re-KYC Due,15,Owned,2024-12-31
2000268,CIF0002000268,Aryan Pillai,1965-07-29,59,Male,Married,Agriculturalist,6854129.99,Mysuru,Karnataka,777256,VFQHU8032B,9455545646,suranetra@example.com,Verified - Branch,14,Company Provided,2024-12-31
2000269,CIF0002000269,Zayan Mody,1986-12-06,38,Female,Married,Gig Worker,6590553.95,Agra,Uttar Pradesh,955705,ZPGTP1383O,9102994898,abeer14@example.net,Verified - CKYC,15,Parental,2024-12-31
2000270,CIF0002000270,Thomas Pillay,1970-03-21,54,Male,Married,Salaried - Government,13573281.11,Jaipur,Rajasthan,914355,BASCY3814T,9986137192,chadhawarda@example.org,Pending,28,Company Provided,2024-12-31
2000271,CIF0002000271,Unnati Kurian,1980-01-28,44,Male,Married,Self Employed - Professional,3760816.3,Amritsar,Punjab,170501,GOAFX6709G,9143741026,anamikasekhon@example.net,Verified - CKYC,11,Parental,2024-12-31
2000272,CIF0002000272,Yatan Chahal,1960-04-29,64,Female,Married,Gig Worker,12151016.64,Nizamabad,Telangana,398673,CXFII1547H,9846403682,jagvi06@example.net,Verified - Branch,19,Owned,2024-12-31
2000273,CIF0002000273,Finn Bali,1969-07-21,55,Male,Unmarried,Gig Worker,14997339.76,Dwarka,Delhi,341687,HGXPD9804A,9231478450,chaitanya18@example.org,Verified - CKYC,30,Rented,2024-12-31
2000274,CIF0002000274,Ronith Kapur,1969-07-04,55,Male,Married,Contract Employee,6094148.87,Ahmedabad,Gujarat,178909,WBUTK3193B,9616600942,hemang05@example.org,Verified - CKYC,18,Owned,2024-12-31
2000275,CIF0002000275,Dalaja Rajan,1956-05-02,68,Female,Unmarried,Self Employed - Professional,2810474.64,Chennai,Tamil Nadu,568019,JPWQO8342K,9181618898,gadeansh@example.org,Verified - Branch,3,Rented,2024-12-31
2000276,CIF0002000276,Yashoda Andra,1966-06-29,58,Female,Married,Salaried - Government,13471810.65,Noida,Delhi,248758,YWHIR9334U,9852928728,unnati43@example.com,Verified - CKYC,19,Owned,2024-12-31
2000277,CIF0002000277,Yoshita Bava,1957-05-16,67,Male,Married,Salaried - Government,1054383.63,Howrah,West Bengal,824653,APRWX6167E,9347252354,deepa60@example.org,Verified - Branch,11,Owned,2024-12-31
2000278,CIF0002000278,Krish Mandal,1973-10-30,51,Female,Married,Contract Employee,9609143.4,Hubli,Karnataka,373603,SDPCG1808Q,9600511615,jhalak35@example.org,Verified - V-KYC,4,Owned,2024-12-31
2000279,CIF0002000279,Megha Dutt,1968-10-03,56,Female,Unmarried,Self Employed - Professional,11070992.1,Surat,Gujarat,107784,ZNGVQ6264W,9424818833,chaitanyaraval@example.com,Verified - Branch,15,Rented,2024-12-31
2000280,CIF0002000280,Gayathri Kala,1989-04-16,35,Male,Unmarried,Salaried - Private Sector,2589025.84,Kota,Rajasthan,589968,VFFGE8045L,9869241149,oviswanathan@example.org,Verified - V-KYC,9,Parental,2024-12-31
2000281,CIF0002000281,Mohammed Vaidya,1984-12-03,40,Female,Married,Agriculturalist,10693749.76,Ahmedabad,Gujarat,601036,QUJNE9871F,9244929032,aahuja@example.com,Verified - CKYC,5,Owned,2024-12-31
2000282,CIF0002000282,Ishani Ganesh,1990-09-12,34,Male,Unmarried,Agriculturalist,2631342.35,Agra,Uttar Pradesh,266748,MRUJY6224X,9285342350,kmallick@example.com,Verified - CKYC,11,Owned,2024-12-31
2000283,CIF0002000283,Ryan Raju,1986-08-22,38,Male,Married,Business Owner,13226480.87,Mysuru,Karnataka,777504,SRQEW5913O,9113649814,tejaskade@example.net,Verified - CKYC,30,Owned,2024-12-31
2000284,CIF0002000284,Dipta Barman,1979-07-16,45,Male,Unmarried,Salaried - Private Sector,2119557.67,Coimbatore,Tamil Nadu,517859,COEAA7840M,9100264915,bosetripti@example.org,Verified - CKYC,26,Company Provided,2024-12-31
2000285,CIF0002000285,Lakshmi Parekh,1993-08-09,31,Male,Unmarried,Salaried - Government,8674821.8,Nagpur,Maharashtra,357541,FBVQA4794T,9498074249,hemanginisami@example.org,Verified - Branch,17,Rented,2024-12-31
2000286,CIF0002000286,Bakhshi Shenoy,1981-09-21,43,Female,Divorced,Self Employed - Professional,6985685.41,Coimbatore,Tamil Nadu,791091,VCYFW1766N,9140020363,hmore@example.net,Verified - CKYC,8,Owned,2024-12-31
2000287,CIF0002000287,Indrajit D’Alia,1997-07-11,27,Male,Married,Contract Employee,2701146.56,Jaipur,Rajasthan,384559,ZWKFN6799A,9554900661,udarshchatterjee@example.net,Verified - CKYC,26,Owned,2024-12-31
2000288,CIF0002000288,Bina Toor,1964-12-26,60,Female,Divorced,Business Owner,2161787.4,Coimbatore,Tamil Nadu,309767,FWFKA5243J,9868172281,vgara@example.net,Verified - CKYC,11,Owned,2024-12-31
2000289,CIF0002000289,Lila Varty,1972-08-22,52,Male,Unmarried,Self Employed - Non Professional,11875781.94,Ahmedabad,Gujarat,733764,LMRKJ7884Y,9413873515,sachi93@example.com,Verified - CKYC,1,Company Provided,2024-12-31
2000290,CIF0002000290,Ubika Sant,1997-06-20,27,Female,Married,Business Owner,10496318.28,Jaipur,Rajasthan,143176,IINLZ9100T,9281140337,vidhi12@example.com,Verified - CKYC,7,Owned,2024-12-31
2000291,CIF0002000291,Laban Kade,1961-12-23,63,Female,Married,Contract Employee,8605656.4,Vadodara,Gujarat,111303,TEGLI4217Q,9277712646,ridhipalla@example.com,Verified - CKYC,9,Rented,2024-12-31
2000292,CIF0002000292,Vasudha Shankar,1988-12-15,36,Male,Unmarried,Business Owner,1060702.83,Warangal,Telangana,112675,VDOBR3833G,9103449831,dhruvbuch@example.org,Verified - V-KYC,7,Rented,2024-12-31
2000293,CIF0002000293,Ubika Rastogi,1998-03-20,26,Male,Unmarried,Contract Employee,8060422.15,Nizamabad,Telangana,374569,TGCSG1262Z,9821513303,hegdechampak@example.net,Verified - CKYC,9,Rented,2024-12-31
2000294,CIF0002000294,Januja Mody,1981-05-04,43,Female,Married,Contract Employee,12667431.23,Jaipur,Rajasthan,997726,FNXGF1839M,9477315779,tchander@example.net,Verified - Branch,8,Company Provided,2024-12-31
2000295,CIF0002000295,Shaurya Tiwari,1989-10-13,35,Male,Unmarried,Gig Worker,5666773.07,Howrah,West Bengal,642668,TKYXU7025V,9901596386,brarvasatika@example.net,Verified - V-KYC,1,Parental,2024-12-31
2000296,CIF0002000296,Warinder Halder,1997-08-25,27,Female,Married,Gig Worker,5849674.14,Salem,Tamil Nadu,404145,YEVAN6480B,9353604822,cbajwa@example.com,Verified - CKYC,24,Company Provided,2024-12-31
2000297,CIF0002000297,Dalaja Tripathi,1958-04-11,66,Male,Married,Self Employed - Non Professional,451127.16,Nagpur,Maharashtra,524203,FGGLN4461A,9605735834,walidarpan@example.net,Verified - Branch,28,Parental,2024-12-31
2000298,CIF0002000298,Rayaan Sabharwal,1971-06-03,53,Male,Married,Gig Worker,6847574.79,Kanpur,Uttar Pradesh,778473,TKXMO5607Y,9644458723,anikabaria@example.com,Verified - CKYC,6,Rented,2024-12-31
2000299,CIF0002000299,Brinda Doshi,1989-09-27,35,Female,Unmarried,Contract Employee,14812681.93,Hyderabad,Telangana,125239,MFKHV9438W,9896599377,vrishtivohra@example.com,Verified - Branch,25,Parental,2024-12-31
2000300,CIF0002000300,Urvashi Sharma,1982-02-26,42,Female,Married,Agriculturalist,10279974.54,Hyderabad,Telangana,564290,ODDLG7923Y,9131932597,aayushbasu@example.net,Verified - CKYC,6,Owned,2024-12-31
2000301,CIF0002000301,Widisha Tripathi,1991-01-31,33,Female,Married,Gig Worker,12608864.43,Mumbai,Maharashtra,183982,TPZXA4140Z,9822525060,naveenpatel@example.com,Re-KYC Due,26,Rented,2024-12-31
2000302,CIF0002000302,Balhaar Sandal,1965-10-07,59,Male,Unmarried,Salaried - Private Sector,8064334.71,Salem,Tamil Nadu,962305,OKIWF4823O,9991698042,jasmitghose@example.org,Verified - CKYC,8,Owned,2024-12-31
2000303,CIF0002000303,Raksha Choudhary,1969-02-24,55,Female,Divorced,Business Owner,10343867.63,Chandigarh,Punjab,770809,ASPRR2427V,9745860057,advaith24@example.net,Verified - V-KYC,3,Owned,2024-12-31
2000304,CIF0002000304,Yahvi Oak,1995-05-04,29,Male,Married,Gig Worker,2536602.46,Jalandhar,Punjab,384745,AJEQV8195G,9349108379,sureshyochana@example.com,Verified - V-KYC,16,Rented,2024-12-31
2000305,CIF0002000305,Oliver Dara,1959-11-15,65,Male,Married,Salaried - Private Sector,5869105.67,Surat,Gujarat,495213,SUSVB9827D,9788153732,nborra@example.com,Verified - CKYC,7,Rented,2024-12-31
2000306,CIF0002000306,Bhanumati Bal,1964-03-27,60,Male,Married,Self Employed - Non Professional,14099497.92,Hyderabad,Telangana,912343,JWWPS3325U,9149801596,widisha55@example.net,Verified - CKYC,1,Parental,2024-12-31
2000307,CIF0002000307,Robert Ahluwalia,1981-10-07,43,Female,Divorced,Salaried - Government,6879412.53,Salem,Tamil Nadu,521644,BWFNO9480U,9261300328,rushil74@example.net,Verified - V-KYC,19,Parental,2024-12-31
2000308,CIF0002000308,Harshil Bose,1981-07-21,43,Male,Married,Pensioner,14276972.93,Kanpur,Uttar Pradesh,292781,VVIYR1315O,9788897655,zayyanpandey@example.net,Verified - V-KYC,20,Owned,2024-12-31
2000309,CIF0002000309,Hiral Parsa,1955-03-13,69,Female,Married,Self Employed - Professional,351473.12,Mangaluru,Karnataka,134701,KPCPX2805F,9669495244,ubajwa@example.org,Verified - CKYC,0,Owned,2024-12-31
2000310,CIF0002000310,Yuvraj Kata,1960-02-05,64,Male,Married,Agriculturalist,9497585.36,Mangaluru,Karnataka,292812,QUZKR5334I,9789261750,kai39@example.com,Verified - CKYC,16,Rented,2024-12-31
2000311,CIF0002000311,Idika Sundaram,1962-04-15,62,Female,Married,Agriculturalist,8998460.83,Kolkata,West Bengal,714011,ETHRR5886F,9196663365,oscar45@example.org,Pending,4,Parental,2024-12-31
2000312,CIF0002000312,Hitesh Dora,1977-04-22,47,Female,Married,Contract Employee,131445.13,Durgapur,West Bengal,890851,AOGLV1963H,9415297820,abdul48@example.org,Verified - CKYC,10,Owned,2024-12-31
2000313,CIF0002000313,Wridesh Anand,1986-07-29,38,Female,Unmarried,Business Owner,10233484.7,Ahmedabad,Gujarat,354879,JSLNC9729O,9529612494,wahabray@example.org,Verified - Branch,8,Company Provided,2024-12-31
2000314,CIF0002000314,Varsha Lata,1965-08-30,59,Male,Married,Self Employed - Non Professional,14415665.54,Kanpur,Uttar Pradesh,342033,JSLMN5529W,9559440741,matthewgarde@example.org,Verified - CKYC,12,Company Provided,2024-12-31
2000315,CIF0002000315,Sai Joshi,1980-06-14,44,Female,Divorced,Self Employed - Professional,9119903.12,Jalandhar,Punjab,505748,PDPOM3853E,9298125654,yjoshi@example.com,Verified - CKYC,13,Rented,2024-12-31
2000316,CIF0002000316,Neel Varty,1989-06-08,35,Female,Married,Self Employed - Professional,8869257.06,Chennai,Tamil Nadu,873048,KBLYP3898G,9747683722,ddoctor@example.org,Verified - Branch,23,Rented,2024-12-31
2000317,CIF0002000317,Bhavini Nanda,1997-11-01,27,Female,Married,Business Owner,1926700.52,Rohini,Delhi,367184,WKNSL4068L,9663920475,kuruvillacharles@example.net,Verified - CKYC,16,Parental,2024-12-31
2000318,CIF0002000318,Tejas Lata,1963-08-01,61,Male,Married,Salaried - Government,4429141.82,Surat,Gujarat,152083,IPTZP3535E,9800478501,bhattacharyyaansh@example.org,Re-KYC Due,22,Rented,2024-12-31
2000319,CIF0002000319,Ekavir Savant,1961-01-15,64,Female,Married,Business Owner,1878946.55,Jodhpur,Rajasthan,314040,YHQFA5657X,9654680203,pranit97@example.net,Verified - Branch,15,Owned,2024-12-31
2000320,CIF0002000320,Chatresh Sood,1966-11-17,58,Female,Unmarried,Self Employed - Professional,4537149.88,Varanasi,Uttar Pradesh,111908,APLIR5868F,9453804928,dugarishwar@example.org,Verified - V-KYC,22,Rented,2024-12-31
2000321,CIF0002000321,Avni Varty,1975-12-14,49,Female,Married,Agriculturalist,1981523.05,Pune,Maharashtra,695994,IGOML2676T,9988288906,tanejachatresh@example.net,Verified - Branch,29,Parental,2024-12-31
2000322,CIF0002000322,Nachiket Nayak,1991-02-03,33,Female,Married,Gig Worker,6527527.88,Nagpur,Maharashtra,449391,NWCRG1045O,9615709503,prishasengupta@example.com,Verified - CKYC,24,Rented,2024-12-31
2000323,CIF0002000323,Radha Handa,1982-10-11,42,Female,Married,Pensioner,12774252.94,Ahmedabad,Gujarat,201641,GYMDE4695C,9113671671,ayushmandara@example.com,Verified - CKYC,15,Rented,2024-12-31
2000324,CIF0002000324,Indrajit Agrawal,1999-07-12,25,Male,Married,Salaried - Government,8910900.06,Chennai,Tamil Nadu,640683,ZJFCO3938B,9619990881,fdash@example.org,Verified - CKYC,14,Owned,2024-12-31
2000325,CIF0002000325,Dayamai Devan,1981-05-15,43,Male,Married,Gig Worker,6309824.13,Surat,Gujarat,234921,WIWHP5438P,9931577467,tanishpalan@example.net,Verified - CKYC,2,Parental,2024-12-31
2000326,CIF0002000326,Wyatt Char,1992-02-06,32,Male,Married,Self Employed - Professional,12974504.43,Nashik,Maharashtra,721899,IUPUQ6853C,9472710054,suriharinakshi@example.org,Verified - CKYC,11,Owned,2024-12-31
2000327,CIF0002000327,Champak Jhaveri,1961-08-01,63,Female,Married,Business Owner,10808500.87,Ahmedabad,Gujarat,749230,OJAJT2563K,9521336947,wishi76@example.org,Verified - V-KYC,7,Rented,2024-12-31
2000328,CIF0002000328,Siya Kara,1959-03-17,65,Male,Unmarried,Salaried - Government,8148894.48,Mangaluru,Karnataka,119267,QVAHP1206W,9917267323,garima40@example.com,Verified - CKYC,29,Rented,2024-12-31
2000329,CIF0002000329,Varsha Morar,1970-12-27,54,Female,Unmarried,Self Employed - Non Professional,7764473.79,Kanpur,Uttar Pradesh,960637,CORPK3626Y,9684102841,tanish92@example.com,Verified - V-KYC,21,Parental,2024-12-31
2000330,CIF0002000330,Nirja Goswami,1956-02-12,68,Female,Unmarried,Self Employed - Non Professional,13020240.38,Nashik,Maharashtra,857464,DIPIZ7260J,9354186893,zansibabu@example.org,Verified - CKYC,13,Owned,2024-12-31
2000331,CIF0002000331,Oeshi Pillai,1997-01-09,27,Male,Unmarried,Gig Worker,7306562.77,Pune,Maharashtra,144627,HWNNB8077P,9740573830,wshroff@example.com,Verified - CKYC,21,Rented,2024-12-31
2000332,CIF0002000332,Amaira Bajaj,1980-04-24,44,Male,Married,Business Owner,8356747.06,Amritsar,Punjab,688122,WCFWD7386M,9150514933,guptapeter@example.org,Verified - CKYC,25,Owned,2024-12-31
2000333,CIF0002000333,Abha Merchant,1964-12-30,60,Male,Married,Contract Employee,10210433.84,Chennai,Tamil Nadu,599173,PKHLR3603E,9612611919,urmi79@example.net,Re-KYC Due,11,Rented,2024-12-31
2000334,CIF0002000334,Upadhriti Khanna,1960-02-02,64,Male,Married,Agriculturalist,11218959.93,Rajkot,Gujarat,962846,WRRDQ4222C,9763128556,kalpit32@example.net,Verified - V-KYC,23,Owned,2024-12-31
2000335,CIF0002000335,Aadhya Sahni,1998-08-05,26,Male,Widowed,Self Employed - Professional,11265719.68,Rajkot,Gujarat,177251,UZDKG7159A,9894421988,ishani31@example.org,Verified - V-KYC,0,Owned,2024-12-31
2000336,CIF0002000336,Aadi Mani,1955-07-14,69,Male,Married,Agriculturalist,12459017.39,Siliguri,West Bengal,488984,FKKIV7444H,9147262675,isridhar@example.com,Verified - CKYC,16,Company Provided,2024-12-31
2000337,CIF0002000337,Omkaar Aurora,1978-11-11,46,Male,Married,Self Employed - Non Professional,9629726.74,Mangaluru,Karnataka,250116,VQPAF1717S,9491740160,vasanabail@example.org,Verified - CKYC,19,Owned,2024-12-31
2000338,CIF0002000338,Oscar Narayanan,1996-04-10,28,Male,Married,Gig Worker,6524099.0,Coimbatore,Tamil Nadu,239510,TOSJW4058M,9597645551,vedant00@example.org,Verified - CKYC,26,Parental,2024-12-31
2000339,CIF0002000339,Logan Puri,1978-02-16,46,Male,Married,Gig Worker,1467576.56,Vadodara,Gujarat,684516,VZPDI5612W,9117491239,rishibir@example.org,Verified - V-KYC,3,Rented,2024-12-31
2000340,CIF0002000340,Charan Agarwal,1986-03-17,38,Female,Married,Self Employed - Professional,9005115.34,Jalandhar,Punjab,819143,QNHVH6409M,9498352510,gulatijanuja@example.net,Verified - CKYC,15,Rented,2024-12-31
2000341,CIF0002000341,Vritti Subramaniam,1991-07-20,33,Male,Married,Salaried - Private Sector,4529430.43,Nagpur,Maharashtra,771452,JGVCK3286J,9265639026,fnayak@example.net,Verified - Branch,28,Parental,2024-12-31
2000342,CIF0002000342,Janya Nair,1972-08-25,52,Male,Married,Salaried - Government,6416627.42,Pune,Maharashtra,948259,JZJJB4261V,9200812989,tpal@example.net,Verified - CKYC,1,Owned,2024-12-31
2000343,CIF0002000343,Ojasvi Khosla,1988-07-02,36,Male,Unmarried,Business Owner,11011013.09,Kolkata,West Bengal,483114,DGBGI8247S,9329559732,aryan12@example.com,Verified - CKYC,25,Owned,2024-12-31
2000344,CIF0002000344,Nisha De,1983-08-25,41,Female,Married,Business Owner,12732472.53,Kolkata,West Bengal,524270,SDYCQ9596U,9723561018,isaacnayar@example.net,Verified - CKYC,10,Owned,2024-12-31
2000345,CIF0002000345,Udant Brahmbhatt,1972-06-23,52,Female,Married,Contract Employee,851739.3,Mysuru,Karnataka,294757,WSMQO7487R,9360798337,zayyansane@example.net,Re-KYC Due,22,Rented,2024-12-31
2000346,CIF0002000346,Yoshita Chokshi,1978-10-22,46,Male,Married,Self Employed - Professional,10390224.1,Kolkata,West Bengal,733029,GAQOE6896N,9850119209,rdua@example.com,Verified - CKYC,25,Rented,2024-12-31
2000347,CIF0002000347,Gaurang Balan,1980-12-08,44,Female,Unmarried,Contract Employee,5715803.49,Noida,Delhi,722580,GEODG3684M,9800875109,leela42@example.com,Verified - CKYC,5,Owned,2024-12-31
2000348,CIF0002000348,Bishakha Chauhan,1975-01-30,49,Female,Married,Salaried - Private Sector,1091048.9,Dwarka,Delhi,746811,SWQBG3987A,9302828617,shethgagan@example.org,Verified - CKYC,25,Owned,2024-12-31
2000349,CIF0002000349,Damyanti Krishnamurthy,1967-05-29,57,Female,Married,Pensioner,12946823.25,Vadodara,Gujarat,444201,FHRPN1148Z,9388545571,aravi@example.net,Verified - V-KYC,4,Company Provided,2024-12-31
2000350,CIF0002000350,Karan Sura,1984-01-12,40,Male,Unmarried,Business Owner,14772058.12,Nashik,Maharashtra,323812,LRQFY3036A,9823094929,kondazaitra@example.com,Verified - CKYC,24,Rented,2024-12-31
2000351,CIF0002000351,Gautami Sodhi,1999-03-17,25,Female,Divorced,Agriculturalist,13937267.23,Coimbatore,Tamil Nadu,865579,LMFBX9294W,9613401565,gchad@example.com,Verified - CKYC,25,Owned,2024-12-31
2000352,CIF0002000352,Max Acharya,1959-09-12,65,Female,Married,Salaried - Private Sector,9647860.15,Rohini,Delhi,929513,GUIIQ5984E,9860273035,oradhakrishnan@example.org,Verified - CKYC,1,Owned,2024-12-31
2000353,CIF0002000353,Meera Bhargava,1956-08-29,68,Male,Married,Salaried - Private Sector,12646837.49,Durgapur,West Bengal,550573,RWMTN8012O,9991642144,zaidmadan@example.net,Verified - CKYC,26,Owned,2024-12-31
2000354,CIF0002000354,Brijesh Bail,1987-01-05,38,Male,Married,Business Owner,4808111.89,Jodhpur,Rajasthan,609294,QUYWU7744X,9793303150,teerthmemon@example.net,Verified - V-KYC,3,Rented,2024-12-31
2000355,CIF0002000355,Widisha Thaker,1979-12-03,45,Female,Married,Pensioner,12230349.9,Noida,Delhi,114896,VPCPS8000B,9402897892,chatterjeequshi@example.com,Verified - V-KYC,25,Rented,2024-12-31
2000356,CIF0002000356,Hema Banerjee,1994-02-28,30,Male,Married,Gig Worker,8835570.59,Salem,Tamil Nadu,659590,HDTZG7242D,9964986638,nkhurana@example.net,Verified - V-KYC,21,Company Provided,2024-12-31
2000357,CIF0002000357,Baghyawati Dada,1980-11-12,44,Female,Widowed,Self Employed - Professional,2165563.56,Hubli,Karnataka,302488,OIGAB8379N,9976839511,glad@example.com,Verified - V-KYC,16,Rented,2024-12-31
2000358,CIF0002000358,Rachit Mangat,1981-12-06,43,Male,Unmarried,Gig Worker,7952169.82,Rajkot,Gujarat,235022,EXQIS9257W,9320148797,singhalwilliam@example.net,Verified - CKYC,20,Rented,2024-12-31
2000359,CIF0002000359,Manthan Saran,1984-08-03,40,Male,Unmarried,Pensioner,6084113.08,Kolkata,West Bengal,590249,RZHKB2262X,9902722296,abatta@example.net,Re-KYC Due,19,Rented,2024-12-31
2000360,CIF0002000360,Janya Sarkar,1957-03-13,67,Female,Married,Salaried - Private Sector,12861982.71,Rajkot,Gujarat,999762,TILLH7337G,9577572472,kevin81@example.net,Verified - CKYC,12,Company Provided,2024-12-31
2000361,CIF0002000361,Krishna Parmar,1967-08-16,57,Male,Married,Business Owner,5038494.37,Mumbai,Maharashtra,797837,KJDCI6220X,9661286206,rom@example.com,Pending,10,Owned,2024-12-31
2000362,CIF0002000362,Chavvi Pillai,1986-08-02,38,Male,Married,Agriculturalist,12148346.57,Karimnagar,Telangana,997409,CZGLA1856M,9242584768,harinideep@example.net,Verified - CKYC,1,Owned,2024-12-31
2000363,CIF0002000363,Sachi Arora,1986-08-29,38,Male,Married,Business Owner,193481.54,Kota,Rajasthan,940617,GCEGH2125Y,9994628785,hkarpe@example.com,Verified - CKYC,16,Owned,2024-12-31
2000364,CIF0002000364,Timothy Sarma,1956-07-10,68,Male,Married,Self Employed - Non Professional,798258.21,Varanasi,Uttar Pradesh,752435,NGIMB2040O,9420296157,balveer59@example.net,Verified - Branch,8,Owned,2024-12-31
2000365,CIF0002000365,Rajata Trivedi,1960-06-14,64,Male,Married,Business Owner,11231008.81,Noida,Delhi,322917,EUIBP9760H,9388959835,godayashodhara@example.net,Verified - V-KYC,0,Rented,2024-12-31
2000366,CIF0002000366,Saumya Ram,1997-09-02,27,Male,Married,Business Owner,1749596.25,Jaipur,Rajasthan,480191,PWXXW3210I,9517943910,netra58@example.net,Verified - V-KYC,16,Owned,2024-12-31
2000367,CIF0002000367,Sanya Gera,1996-08-18,28,Female,Married,Self Employed - Non Professional,8646793.34,Hyderabad,Telangana,809708,FTJRH9346A,9120227710,anyagour@example.net,Verified - Branch,18,Company Provided,2024-12-31
2000368,CIF0002000368,Ekaja Dugal,1967-08-05,57,Male,Married,Gig Worker,9054913.43,Lucknow,Uttar Pradesh,899755,RLEQH1725Z,9250229418,raagini97@example.org,Verified - CKYC,8,Rented,2024-12-31
2000369,CIF0002000369,Dayita Borde,1972-02-26,52,Male,Married,Pensioner,9191777.53,Nashik,Maharashtra,219200,VDFOL8533P,9804703228,srajan@example.com,Verified - CKYC,16,Company Provided,2024-12-31
2000370,CIF0002000370,Oeshi Parikh,1973-01-27,51,Female,Unmarried,Business Owner,1697595.34,Surat,Gujarat,540700,ANSVI9519M,9270911254,girindrakrishna@example.com,Verified - CKYC,24,Owned,2024-12-31
2000371,CIF0002000371,Qasim Sule,1987-05-08,37,Female,Married,Contract Employee,2983950.67,Jaipur,Rajasthan,102608,SJQHL8873J,9512262186,balmohini@example.net,Verified - CKYC,26,Rented,2024-12-31
2000372,CIF0002000372,Sara Ranganathan,1963-04-12,61,Male,Married,Agriculturalist,12371131.04,Hubli,Karnataka,961617,ZNXTM9202E,9464949531,advikawalia@example.com,Verified - V-KYC,13,Rented,2024-12-31
2000373,CIF0002000373,Udant Divan,1992-09-18,32,Female,Divorced,Salaried - Private Sector,14712756.83,Amritsar,Punjab,279582,YGLDQ2950O,9344812050,surihenry@example.com,Verified - CKYC,26,Rented,2024-12-31
2000374,CIF0002000374,Chakradev Thaker,1983-05-20,41,Male,Married,Pensioner,10584612.11,Nashik,Maharashtra,174030,VWSQL5596Z,9773364868,charles51@example.org,Verified - Branch,13,Rented,2024-12-31
2000375,CIF0002000375,Agastya Khurana,1961-12-11,63,Male,Married,Pensioner,8797800.6,Warangal,Telangana,435969,ZWOQB8412X,9630549257,jbedi@example.net,Verified - V-KYC,17,Rented,2024-12-31
2000376,CIF0002000376,Mason Gill,1970-01-15,54,Male,Married,Salaried - Private Sector,10316487.89,Karimnagar,Telangana,517955,KONOL4364Q,9185119337,yutikayohannan@example.org,Verified - CKYC,18,Owned,2024-12-31
2000377,CIF0002000377,Nirja Kannan,1965-04-10,59,Female,Married,Self Employed - Professional,13934567.04,Mysuru,Karnataka,778471,YUPQI2445R,9947302155,brinda07@example.com,Verified - V-KYC,20,Owned,2024-12-31
2000378,CIF0002000378,Yash Rege,1957-05-20,67,Male,Married,Self Employed - Non Professional,7277988.83,Mysuru,Karnataka,253862,QMXKT1600D,9732949009,buchudarsh@example.org,Verified - V-KYC,12,Rented,2024-12-31
2000379,CIF0002000379,Mahika Swaminathan,1979-08-30,45,Male,Married,Agriculturalist,7423547.39,Dwarka,Delhi,582598,XNYLH8440B,9648716955,nidrakhosla@example.com,Verified - V-KYC,27,Rented,2024-12-31
2000380,CIF0002000380,Gaurika Cheema,1985-05-09,39,Female,Unmarried,Salaried - Government,4924820.51,Dwarka,Delhi,456792,JLULT3798Z,9778739715,ahujavedant@example.org,Verified - CKYC,27,Rented,2024-12-31
2000381,CIF0002000381,Brijesh Gera,1987-01-26,37,Male,Unmarried,Business Owner,785321.68,Kolkata,West Bengal,485503,DCMPW4647Q,9646642852,mugdha27@example.net,Verified - V-KYC,3,Parental,2024-12-31
2000382,CIF0002000382,Hardik Salvi,1982-09-07,42,Female,Unmarried,Self Employed - Non Professional,6080873.64,Ahmedabad,Gujarat,565535,XYQST4716U,9222224928,avi25@example.net,Verified - CKYC,24,Owned,2024-12-31
2000383,CIF0002000383,Tanveer Munshi,1958-05-12,66,Female,Married,Business Owner,5434548.19,Lucknow,Uttar Pradesh,637267,PLWQN3328H,9413449429,rben@example.com,Verified - CKYC,15,Rented,2024-12-31
2000384,CIF0002000384,Joshua Padmanabhan,1975-10-21,49,Male,Married,Pensioner,7258915.61,Ahmedabad,Gujarat,895221,VLWYV2087N,9635377471,balhaarshere@example.org,Verified - V-KYC,6,Company Provided,2024-12-31
2000385,CIF0002000385,Madhavi Subramaniam,1987-11-03,37,Male,Married,Gig Worker,11637465.15,Karimnagar,Telangana,318499,LXPSD8195H,9863076502,varenyamahajan@example.com,Verified - CKYC,18,Company Provided,2024-12-31
2000386,CIF0002000386,Indrajit Choudhary,1982-04-20,42,Male,Married,Business Owner,8118657.14,Nizamabad,Telangana,711401,QZFEC7108C,9564780359,harita07@example.net,Verified - Branch,0,Parental,2024-12-31
2000387,CIF0002000387,Urvi Bhatia,1981-03-01,43,Female,Married,Business Owner,9796489.89,Rohini,Delhi,757574,UWSKS6658X,9622972582,xandra@example.net,Verified - CKYC,29,Parental,2024-12-31
2000388,CIF0002000388,Ekiya Vora,1993-02-06,31,Male,Married,Salaried - Government,9725492.82,Amritsar,Punjab,400604,BAAEE9415V,9206173603,sehgalsai@example.net,Verified - CKYC,24,Owned,2024-12-31
2000389,CIF0002000389,Gautami Sastry,1989-09-07,35,Male,Married,Self Employed - Professional,8921391.03,Rajkot,Gujarat,853890,SBPVF8976Z,9234620311,hritikdugar@example.com,Verified - V-KYC,9,Rented,2024-12-31
2000390,CIF0002000390,Waida Tandon,1957-07-28,67,Female,Married,Self Employed - Professional,1854636.88,Dwarka,Delhi,297769,VLWJY1484S,9546264411,dyalkrisha@example.org,Verified - CKYC,14,Owned,2024-12-31
2000391,CIF0002000391,Orinder Reddy,1992-02-17,32,Male,Divorced,Salaried - Private Sector,2120277.89,Kota,Rajasthan,990272,LCDIK4940I,9237445335,ibabu@example.com,Verified - CKYC,22,Parental,2024-12-31
2000392,CIF0002000392,Libni Dhawan,1961-06-29,63,Male,Unmarried,Salaried - Government,7178372.41,Ahmedabad,Gujarat,574312,XFLLF7897P,9759565446,gpurohit@example.net,Verified - CKYC,4,Rented,2024-12-31
2000393,CIF0002000393,Rajeshri Tata,1965-10-16,59,Male,Married,Pensioner,6582101.25,Rajkot,Gujarat,422090,HAEGW2026O,9250444644,pooja88@example.com,Verified - Branch,12,Company Provided,2024-12-31
2000394,CIF0002000394,Amaira Kala,1977-02-05,47,Female,Married,Pensioner,5417503.55,Mangaluru,Karnataka,894750,MDFOU6844X,9269598298,anviravel@example.net,Verified - V-KYC,15,Rented,2024-12-31
2000395,CIF0002000395,Niharika Naik,1963-04-25,61,Male,Married,Pensioner,5227932.94,Udaipur,Rajasthan,864000,HBFWU9971K,9875248453,qbir@example.net,Re-KYC Due,26,Parental,2024-12-31
2000396,CIF0002000396,Shivani Koshy,1977-12-13,47,Male,Married,Self Employed - Non Professional,1103637.67,Vadodara,Gujarat,478742,WKDNN1013J,9396345583,kabir34@example.org,Verified - CKYC,23,Rented,2024-12-31
2000397,CIF0002000397,Kamala Rama,1981-03-26,43,Male,Married,Pensioner,3299205.18,Karimnagar,Telangana,240522,PFJCS8503Q,9838953065,vwagle@example.net,Verified - CKYC,0,Rented,2024-12-31
2000398,CIF0002000398,Priya Lala,1994-07-19,30,Male,Married,Gig Worker,7268698.17,Surat,Gujarat,355022,MLCFS7127Q,9192099240,elijahpatla@example.org,Verified - CKYC,18,Owned,2024-12-31
2000399,CIF0002000399,Advaith Prasad,1977-06-11,47,Female,Married,Contract Employee,1568088.98,Bengaluru,Karnataka,745020,FMKQY1242P,9820897372,mchoudhary@example.com,Verified - CKYC,16,Owned,2024-12-31
